names_1,names_2,names_3
"Andie,Ebbutt",Andie|Ebbutt|Ebbutt,"Andie,Ebbutt Andie|Ebbutt|Ebbutt"
"Hobie,Deegan",Hobie|Deegan|Deegan,"Hobie,Deegan Hobie|Deegan|Deegan"
"Denys,Belverstone",Denys|Belverstone|Belverstone,"Denys,Belverstone Denys|Belverstone|Belverstone"
"Delphine,Pietersma",Delphine|Pietersma|Pietersma,"Delphine,Pietersma Delphine|Pietersma|Pietersma"
"Putnem,Chasson",Putnem|Chasson|Chasson,"Putnem,Chasson Putnem|Chasson|Chasson"
"Jenilee,Hindmoor",Jenilee|Hindmoor|Hindmoor,"Jenilee,Hindmoor Jenilee|Hindmoor|Hindmoor"
"Nicoline,Cowitz",Nicoline|Cowitz|Cowitz,"Nicoline,Cowitz Nicoline|Cowitz|Cowitz"
"Brunhilde,Vasyukhnov",Brunhilde|Vasyukhnov|Vasyukhnov,"Brunhilde,Vasyukhnov Brunhilde|Vasyukhnov|Vasyukhnov"
"Roxi,Leming",Roxi|Leming|Leming,"Roxi,Leming Roxi|Leming|Leming"
"Raffaello,Cornes",Raffaello|Cornes|Cornes,"Raffaello,Cornes Raffaello|Cornes|Cornes"
"Ilka,Fawssett",Ilka|Fawssett|Fawssett,"Ilka,Fawssett Ilka|Fawssett|Fawssett"
"Robbert,Hollyland",Robbert|Hollyland|Hollyland,"Robbert,Hollyland Robbert|Hollyland|Hollyland"
"Adaline,Berecloth",Adaline|Berecloth|Berecloth,"Adaline,Berecloth Adaline|Berecloth|Berecloth"
"Thorsten,Hachard",Thorsten|Hachard|Hachard,"Thorsten,Hachard Thorsten|Hachard|Hachard"
"Jane,Lamboll",Jane|Lamboll|Lamboll,"Jane,Lamboll Jane|Lamboll|Lamboll"
"Desdemona,Burgwin",Desdemona|Burgwin|Burgwin,"Desdemona,Burgwin Desdemona|Burgwin|Burgwin"
"Vida,Islip",Vida|Islip|Islip,"Vida,Islip Vida|Islip|Islip"
"Yardley,Chatell",Yardley|Chatell|Chatell,"Yardley,Chatell Yardley|Chatell|Chatell"
"Dougie,O'Currigan",Dougie|O'Currigan|O'Currigan,"Dougie,O'Currigan Dougie|O'Currigan|O'Currigan"
"Athena,Aiskrigg",Athena|Aiskrigg|Aiskrigg,"Athena,Aiskrigg Athena|Aiskrigg|Aiskrigg"
"Melina,Darker",Melina|Darker|Darker,"Melina,Darker Melina|Darker|Darker"
"Phineas,Docharty",Phineas|Docharty|Docharty,"Phineas,Docharty Phineas|Docharty|Docharty"
"Rockey,Plum",Rockey|Plum|Plum,"Rockey,Plum Rockey|Plum|Plum"
"Bernette,De Ruggiero",Bernette|De Ruggiero|De Ruggiero,"Bernette,De Ruggiero Bernette|De Ruggiero|De Ruggiero"
"Hyacinthie,Kann",Hyacinthie|Kann|Kann,"Hyacinthie,Kann Hyacinthie|Kann|Kann"
"Cissiee,Cassius",Cissiee|Cassius|Cassius,"Cissiee,Cassius Cissiee|Cassius|Cassius"
"Starlin,Apps",Starlin|Apps|Apps,"Starlin,Apps Starlin|Apps|Apps"
"Caprice,Artz",Caprice|Artz|Artz,"Caprice,Artz Caprice|Artz|Artz"
"Eddie,Kinver",Eddie|Kinver|Kinver,"Eddie,Kinver Eddie|Kinver|Kinver"
"Jeana,Colin",Jeana|Colin|Colin,"Jeana,Colin Jeana|Colin|Colin"
"Jamill,Batistelli",Jamill|Batistelli|Batistelli,"Jamill,Batistelli Jamill|Batistelli|Batistelli"
"Nert,Schneidar",Nert|Schneidar|Schneidar,"Nert,Schneidar Nert|Schneidar|Schneidar"
"Domeniga,Glayzer",Domeniga|Glayzer|Glayzer,"Domeniga,Glayzer Domeniga|Glayzer|Glayzer"
"Paula,Grebbin",Paula|Grebbin|Grebbin,"Paula,Grebbin Paula|Grebbin|Grebbin"
"Deb,Cymper",Deb|Cymper|Cymper,"Deb,Cymper Deb|Cymper|Cymper"
"Cristy,Figures",Cristy|Figures|Figures,"Cristy,Figures Cristy|Figures|Figures"
"George,Bruniges",George|Bruniges|Bruniges,"George,Bruniges George|Bruniges|Bruniges"
"Lowrance,Edward",Lowrance|Edward|Edward,"Lowrance,Edward Lowrance|Edward|Edward"
"Aloise,Tallant",Aloise|Tallant|Tallant,"Aloise,Tallant Aloise|Tallant|Tallant"
"Celestina,Shale",Celestina|Shale|Shale,"Celestina,Shale Celestina|Shale|Shale"
"Cherey,Banton",Cherey|Banton|Banton,"Cherey,Banton Cherey|Banton|Banton"
"Hyacinthia,Ebbotts",Hyacinthia|Ebbotts|Ebbotts,"Hyacinthia,Ebbotts Hyacinthia|Ebbotts|Ebbotts"
"Haskel,Van Driel",Haskel|Van Driel|Van Driel,"Haskel,Van Driel Haskel|Van Driel|Van Driel"
"Kirsten,Dowker",Kirsten|Dowker|Dowker,"Kirsten,Dowker Kirsten|Dowker|Dowker"
"Krystyna,Limer",Krystyna|Limer|Limer,"Krystyna,Limer Krystyna|Limer|Limer"
"Charmain,Le Marchand",Charmain|Le Marchand|Le Marchand,"Charmain,Le Marchand Charmain|Le Marchand|Le Marchand"
"Claudianus,Pursehouse",Claudianus|Pursehouse|Pursehouse,"Claudianus,Pursehouse Claudianus|Pursehouse|Pursehouse"
"Saba,Brazer",Saba|Brazer|Brazer,"Saba,Brazer Saba|Brazer|Brazer"
"Godart,Jopke",Godart|Jopke|Jopke,"Godart,Jopke Godart|Jopke|Jopke"
"Sonny,Silly",Sonny|Silly|Silly,"Sonny,Silly Sonny|Silly|Silly"
"Tonnie,Jerrolt",Tonnie|Jerrolt|Jerrolt,"Tonnie,Jerrolt Tonnie|Jerrolt|Jerrolt"
"Benjie,Foulis",Benjie|Foulis|Foulis,"Benjie,Foulis Benjie|Foulis|Foulis"
"Tedd,St. Leger",Tedd|St. Leger|St. Leger,"Tedd,St. Leger Tedd|St. Leger|St. Leger"
"Raimondo,Streader",Raimondo|Streader|Streader,"Raimondo,Streader Raimondo|Streader|Streader"
"Rustin,Sorrie",Rustin|Sorrie|Sorrie,"Rustin,Sorrie Rustin|Sorrie|Sorrie"
"Drucy,Crosskill",Drucy|Crosskill|Crosskill,"Drucy,Crosskill Drucy|Crosskill|Crosskill"
"Olivia,Dawtrey",Olivia|Dawtrey|Dawtrey,"Olivia,Dawtrey Olivia|Dawtrey|Dawtrey"
"Ariel,Cardno",Ariel|Cardno|Cardno,"Ariel,Cardno Ariel|Cardno|Cardno"
"Tommi,Bocking",Tommi|Bocking|Bocking,"Tommi,Bocking Tommi|Bocking|Bocking"
"Cecily,Seals",Cecily|Seals|Seals,"Cecily,Seals Cecily|Seals|Seals"
"Heath,Shelbourne",Heath|Shelbourne|Shelbourne,"Heath,Shelbourne Heath|Shelbourne|Shelbourne"
"Rowena,Ellar",Rowena|Ellar|Ellar,"Rowena,Ellar Rowena|Ellar|Ellar"
"Prescott,Pohl",Prescott|Pohl|Pohl,"Prescott,Pohl Prescott|Pohl|Pohl"
"Ogdan,Baxstare",Ogdan|Baxstare|Baxstare,"Ogdan,Baxstare Ogdan|Baxstare|Baxstare"
"Minette,Jacobssen",Minette|Jacobssen|Jacobssen,"Minette,Jacobssen Minette|Jacobssen|Jacobssen"
"Christan,Bris",Christan|Bris|Bris,"Christan,Bris Christan|Bris|Bris"
"Shaine,Itter",Shaine|Itter|Itter,"Shaine,Itter Shaine|Itter|Itter"
"Graeme,Extall",Graeme|Extall|Extall,"Graeme,Extall Graeme|Extall|Extall"
"Andres,Such",Andres|Such|Such,"Andres,Such Andres|Such|Such"
"Terry,Storah",Terry|Storah|Storah,"Terry,Storah Terry|Storah|Storah"
"Florian,Rumbellow",Florian|Rumbellow|Rumbellow,"Florian,Rumbellow Florian|Rumbellow|Rumbellow"
"Darbee,Sharple",Darbee|Sharple|Sharple,"Darbee,Sharple Darbee|Sharple|Sharple"
"Amabel,Burner",Amabel|Burner|Burner,"Amabel,Burner Amabel|Burner|Burner"
"Theressa,Bente",Theressa|Bente|Bente,"Theressa,Bente Theressa|Bente|Bente"
"Sholom,Ilyukhov",Sholom|Ilyukhov|Ilyukhov,"Sholom,Ilyukhov Sholom|Ilyukhov|Ilyukhov"
"Karilynn,Curnock",Karilynn|Curnock|Curnock,"Karilynn,Curnock Karilynn|Curnock|Curnock"
"Zachery,Urch",Zachery|Urch|Urch,"Zachery,Urch Zachery|Urch|Urch"
"Libbie,Chrestien",Libbie|Chrestien|Chrestien,"Libbie,Chrestien Libbie|Chrestien|Chrestien"
"Gabbie,Varker",Gabbie|Varker|Varker,"Gabbie,Varker Gabbie|Varker|Varker"
"Maxwell,Vinten",Maxwell|Vinten|Vinten,"Maxwell,Vinten Maxwell|Vinten|Vinten"
"Genna,Simonsson",Genna|Simonsson|Simonsson,"Genna,Simonsson Genna|Simonsson|Simonsson"
"Cliff,Alker",Cliff|Alker|Alker,"Cliff,Alker Cliff|Alker|Alker"
"Geneva,Need",Geneva|Need|Need,"Geneva,Need Geneva|Need|Need"
"Pennie,Rosenwald",Pennie|Rosenwald|Rosenwald,"Pennie,Rosenwald Pennie|Rosenwald|Rosenwald"
"Stanislaus,Buckley",Stanislaus|Buckley|Buckley,"Stanislaus,Buckley Stanislaus|Buckley|Buckley"
"Claude,Clapham",Claude|Clapham|Clapham,"Claude,Clapham Claude|Clapham|Clapham"
"Brook,Burchatt",Brook|Burchatt|Burchatt,"Brook,Burchatt Brook|Burchatt|Burchatt"
"Clarisse,Sherewood",Clarisse|Sherewood|Sherewood,"Clarisse,Sherewood Clarisse|Sherewood|Sherewood"
"Eba,Ilewicz",Eba|Ilewicz|Ilewicz,"Eba,Ilewicz Eba|Ilewicz|Ilewicz"
"Fiona,Hasard",Fiona|Hasard|Hasard,"Fiona,Hasard Fiona|Hasard|Hasard"
"Denys,Terrans",Denys|Terrans|Terrans,"Denys,Terrans Denys|Terrans|Terrans"
"Major,Lordon",Major|Lordon|Lordon,"Major,Lordon Major|Lordon|Lordon"
"Koenraad,Hillen",Koenraad|Hillen|Hillen,"Koenraad,Hillen Koenraad|Hillen|Hillen"
"Finlay,Bedson",Finlay|Bedson|Bedson,"Finlay,Bedson Finlay|Bedson|Bedson"
"Ines,Chipps",Ines|Chipps|Chipps,"Ines,Chipps Ines|Chipps|Chipps"
"Mendy,Schimoni",Mendy|Schimoni|Schimoni,"Mendy,Schimoni Mendy|Schimoni|Schimoni"
"Griswold,Chatwin",Griswold|Chatwin|Chatwin,"Griswold,Chatwin Griswold|Chatwin|Chatwin"
"Cornell,Atcheson",Cornell|Atcheson|Atcheson,"Cornell,Atcheson Cornell|Atcheson|Atcheson"
"Erhart,Angelo",Erhart|Angelo|Angelo,"Erhart,Angelo Erhart|Angelo|Angelo"
"Marcile,Giorgielli",Marcile|Giorgielli|Giorgielli,"Marcile,Giorgielli Marcile|Giorgielli|Giorgielli"
"Regina,Kemmons",Regina|Kemmons|Kemmons,"Regina,Kemmons Regina|Kemmons|Kemmons"
"Torry,Schlag",Torry|Schlag|Schlag,"Torry,Schlag Torry|Schlag|Schlag"
"Karisa,Minet",Karisa|Minet|Minet,"Karisa,Minet Karisa|Minet|Minet"
"Hilario,Faas",Hilario|Faas|Faas,"Hilario,Faas Hilario|Faas|Faas"
"Manda,Giacoppo",Manda|Giacoppo|Giacoppo,"Manda,Giacoppo Manda|Giacoppo|Giacoppo"
"Malvina,Millen",Malvina|Millen|Millen,"Malvina,Millen Malvina|Millen|Millen"
"Jourdan,Bewshea",Jourdan|Bewshea|Bewshea,"Jourdan,Bewshea Jourdan|Bewshea|Bewshea"
"Jefferey,Meynell",Jefferey|Meynell|Meynell,"Jefferey,Meynell Jefferey|Meynell|Meynell"
"Della,Maskew",Della|Maskew|Maskew,"Della,Maskew Della|Maskew|Maskew"
"Ruthann,Liell",Ruthann|Liell|Liell,"Ruthann,Liell Ruthann|Liell|Liell"
"Nicola,Pavlenkov",Nicola|Pavlenkov|Pavlenkov,"Nicola,Pavlenkov Nicola|Pavlenkov|Pavlenkov"
"Audre,Rowland",Audre|Rowland|Rowland,"Audre,Rowland Audre|Rowland|Rowland"
"Christopher,Alexandre",Christopher|Alexandre|Alexandre,"Christopher,Alexandre Christopher|Alexandre|Alexandre"
"Stephana,Clemett",Stephana|Clemett|Clemett,"Stephana,Clemett Stephana|Clemett|Clemett"
"Theodor,Trownson",Theodor|Trownson|Trownson,"Theodor,Trownson Theodor|Trownson|Trownson"
"Christye,Bloan",Christye|Bloan|Bloan,"Christye,Bloan Christye|Bloan|Bloan"
"Dori,Gawthorp",Dori|Gawthorp|Gawthorp,"Dori,Gawthorp Dori|Gawthorp|Gawthorp"
"Derrick,Suarez",Derrick|Suarez|Suarez,"Derrick,Suarez Derrick|Suarez|Suarez"
"Lilas,Quibell",Lilas|Quibell|Quibell,"Lilas,Quibell Lilas|Quibell|Quibell"
"Melita,Rustman",Melita|Rustman|Rustman,"Melita,Rustman Melita|Rustman|Rustman"
"Miguel,McKeon",Miguel|McKeon|McKeon,"Miguel,McKeon Miguel|McKeon|McKeon"
"Chevy,Ebbles",Chevy|Ebbles|Ebbles,"Chevy,Ebbles Chevy|Ebbles|Ebbles"
"Neely,Pogue",Neely|Pogue|Pogue,"Neely,Pogue Neely|Pogue|Pogue"
"Wilburt,McLuckie",Wilburt|McLuckie|McLuckie,"Wilburt,McLuckie Wilburt|McLuckie|McLuckie"
"Brock,Moorrud",Brock|Moorrud|Moorrud,"Brock,Moorrud Brock|Moorrud|Moorrud"
"Randy,Lomasney",Randy|Lomasney|Lomasney,"Randy,Lomasney Randy|Lomasney|Lomasney"
"Quentin,Dorro",Quentin|Dorro|Dorro,"Quentin,Dorro Quentin|Dorro|Dorro"
"Bridget,Lytlle",Bridget|Lytlle|Lytlle,"Bridget,Lytlle Bridget|Lytlle|Lytlle"
"Kingston,Pettit",Kingston|Pettit|Pettit,"Kingston,Pettit Kingston|Pettit|Pettit"
"Juli,Karpmann",Juli|Karpmann|Karpmann,"Juli,Karpmann Juli|Karpmann|Karpmann"
"Wylma,Liccardi",Wylma|Liccardi|Liccardi,"Wylma,Liccardi Wylma|Liccardi|Liccardi"
"Fairlie,Doohey",Fairlie|Doohey|Doohey,"Fairlie,Doohey Fairlie|Doohey|Doohey"
"Blakeley,Mathivet",Blakeley|Mathivet|Mathivet,"Blakeley,Mathivet Blakeley|Mathivet|Mathivet"
"Jermayne,Rushmare",Jermayne|Rushmare|Rushmare,"Jermayne,Rushmare Jermayne|Rushmare|Rushmare"
"Aldwin,Sponder",Aldwin|Sponder|Sponder,"Aldwin,Sponder Aldwin|Sponder|Sponder"
"Ashil,Londesborough",Ashil|Londesborough|Londesborough,"Ashil,Londesborough Ashil|Londesborough|Londesborough"
"Griffin,De la croix",Griffin|De la croix|De la croix,"Griffin,De la croix Griffin|De la croix|De la croix"
"Nicolais,Redford",Nicolais|Redford|Redford,"Nicolais,Redford Nicolais|Redford|Redford"
"Pedro,Reubens",Pedro|Reubens|Reubens,"Pedro,Reubens Pedro|Reubens|Reubens"
"Berry,Faulkes",Berry|Faulkes|Faulkes,"Berry,Faulkes Berry|Faulkes|Faulkes"
"Mikey,Petersen",Mikey|Petersen|Petersen,"Mikey,Petersen Mikey|Petersen|Petersen"
"Joann,Woodyatt",Joann|Woodyatt|Woodyatt,"Joann,Woodyatt Joann|Woodyatt|Woodyatt"
"Theodor,Gostick",Theodor|Gostick|Gostick,"Theodor,Gostick Theodor|Gostick|Gostick"
"Ingrid,Heersma",Ingrid|Heersma|Heersma,"Ingrid,Heersma Ingrid|Heersma|Heersma"
"Martguerita,Malter",Martguerita|Malter|Malter,"Martguerita,Malter Martguerita|Malter|Malter"
"Louisette,Leyzell",Louisette|Leyzell|Leyzell,"Louisette,Leyzell Louisette|Leyzell|Leyzell"
"Dennie,Broadfield",Dennie|Broadfield|Broadfield,"Dennie,Broadfield Dennie|Broadfield|Broadfield"
"Emmalee,Masserel",Emmalee|Masserel|Masserel,"Emmalee,Masserel Emmalee|Masserel|Masserel"
"Winfred,Lillgard",Winfred|Lillgard|Lillgard,"Winfred,Lillgard Winfred|Lillgard|Lillgard"
"Kyla,McAviy",Kyla|McAviy|McAviy,"Kyla,McAviy Kyla|McAviy|McAviy"
"Jeremiah,Thor",Jeremiah|Thor|Thor,"Jeremiah,Thor Jeremiah|Thor|Thor"
"Khalil,Grayshan",Khalil|Grayshan|Grayshan,"Khalil,Grayshan Khalil|Grayshan|Grayshan"
"Sam,Cadlock",Sam|Cadlock|Cadlock,"Sam,Cadlock Sam|Cadlock|Cadlock"
"Ford,Toland",Ford|Toland|Toland,"Ford,Toland Ford|Toland|Toland"
"Glyn,Pont",Glyn|Pont|Pont,"Glyn,Pont Glyn|Pont|Pont"
"Jennine,Dufall",Jennine|Dufall|Dufall,"Jennine,Dufall Jennine|Dufall|Dufall"
"Samson,Deevey",Samson|Deevey|Deevey,"Samson,Deevey Samson|Deevey|Deevey"
"Rosaline,McCullock",Rosaline|McCullock|McCullock,"Rosaline,McCullock Rosaline|McCullock|McCullock"
"Danica,Assaf",Danica|Assaf|Assaf,"Danica,Assaf Danica|Assaf|Assaf"
"Friedrick,Scrymgeour",Friedrick|Scrymgeour|Scrymgeour,"Friedrick,Scrymgeour Friedrick|Scrymgeour|Scrymgeour"
"Paxon,Benadette",Paxon|Benadette|Benadette,"Paxon,Benadette Paxon|Benadette|Benadette"
"Denna,Mapson",Denna|Mapson|Mapson,"Denna,Mapson Denna|Mapson|Mapson"
"Kerr,Bowle",Kerr|Bowle|Bowle,"Kerr,Bowle Kerr|Bowle|Bowle"
"Papageno,Shacklady",Papageno|Shacklady|Shacklady,"Papageno,Shacklady Papageno|Shacklady|Shacklady"
"Hetty,Copin",Hetty|Copin|Copin,"Hetty,Copin Hetty|Copin|Copin"
"Killian,Delamere",Killian|Delamere|Delamere,"Killian,Delamere Killian|Delamere|Delamere"
"Stearn,Iskowicz",Stearn|Iskowicz|Iskowicz,"Stearn,Iskowicz Stearn|Iskowicz|Iskowicz"
"Chery,Adrienne",Chery|Adrienne|Adrienne,"Chery,Adrienne Chery|Adrienne|Adrienne"
"Alica,Martignon",Alica|Martignon|Martignon,"Alica,Martignon Alica|Martignon|Martignon"
"Gallard,Ratnege",Gallard|Ratnege|Ratnege,"Gallard,Ratnege Gallard|Ratnege|Ratnege"
"Sigismond,MacCague",Sigismond|MacCague|MacCague,"Sigismond,MacCague Sigismond|MacCague|MacCague"
"Chick,Bax",Chick|Bax|Bax,"Chick,Bax Chick|Bax|Bax"
"Adore,Doud",Adore|Doud|Doud,"Adore,Doud Adore|Doud|Doud"
"Dun,Gatheridge",Dun|Gatheridge|Gatheridge,"Dun,Gatheridge Dun|Gatheridge|Gatheridge"
"Darbee,Batchelar",Darbee|Batchelar|Batchelar,"Darbee,Batchelar Darbee|Batchelar|Batchelar"
"Juliann,Quincey",Juliann|Quincey|Quincey,"Juliann,Quincey Juliann|Quincey|Quincey"
"Valene,Ajean",Valene|Ajean|Ajean,"Valene,Ajean Valene|Ajean|Ajean"
"Herbert,Hedgeman",Herbert|Hedgeman|Hedgeman,"Herbert,Hedgeman Herbert|Hedgeman|Hedgeman"
"Melodee,Pouton",Melodee|Pouton|Pouton,"Melodee,Pouton Melodee|Pouton|Pouton"
"Laural,Wailes",Laural|Wailes|Wailes,"Laural,Wailes Laural|Wailes|Wailes"
"Morena,Haydock",Morena|Haydock|Haydock,"Morena,Haydock Morena|Haydock|Haydock"
"Barnebas,Manklow",Barnebas|Manklow|Manklow,"Barnebas,Manklow Barnebas|Manklow|Manklow"
"Hall,Petric",Hall|Petric|Petric,"Hall,Petric Hall|Petric|Petric"
"Daffi,Sinncock",Daffi|Sinncock|Sinncock,"Daffi,Sinncock Daffi|Sinncock|Sinncock"
"Willy,Radbone",Willy|Radbone|Radbone,"Willy,Radbone Willy|Radbone|Radbone"
"Neron,Windows",Neron|Windows|Windows,"Neron,Windows Neron|Windows|Windows"
"Jesselyn,Commings",Jesselyn|Commings|Commings,"Jesselyn,Commings Jesselyn|Commings|Commings"
"Helene,Bruty",Helene|Bruty|Bruty,"Helene,Bruty Helene|Bruty|Bruty"
"Chicky,Joicey",Chicky|Joicey|Joicey,"Chicky,Joicey Chicky|Joicey|Joicey"
"Roy,Rootes",Roy|Rootes|Rootes,"Roy,Rootes Roy|Rootes|Rootes"
"Dora,Pikhno",Dora|Pikhno|Pikhno,"Dora,Pikhno Dora|Pikhno|Pikhno"
"Alexandros,Graysmark",Alexandros|Graysmark|Graysmark,"Alexandros,Graysmark Alexandros|Graysmark|Graysmark"
"Lek,Scathard",Lek|Scathard|Scathard,"Lek,Scathard Lek|Scathard|Scathard"
"Ursola,MacFarlane",Ursola|MacFarlane|MacFarlane,"Ursola,MacFarlane Ursola|MacFarlane|MacFarlane"
"Creighton,Brood",Creighton|Brood|Brood,"Creighton,Brood Creighton|Brood|Brood"
"Ursala,Pedri",Ursala|Pedri|Pedri,"Ursala,Pedri Ursala|Pedri|Pedri"
"Aubrie,Wondraschek",Aubrie|Wondraschek|Wondraschek,"Aubrie,Wondraschek Aubrie|Wondraschek|Wondraschek"
"Marc,Gulc",Marc|Gulc|Gulc,"Marc,Gulc Marc|Gulc|Gulc"
"Elia,Mullin",Elia|Mullin|Mullin,"Elia,Mullin Elia|Mullin|Mullin"
"Vyky,Costen",Vyky|Costen|Costen,"Vyky,Costen Vyky|Costen|Costen"
"Demetris,Beathem",Demetris|Beathem|Beathem,"Demetris,Beathem Demetris|Beathem|Beathem"
"Cherie,Mougenel",Cherie|Mougenel|Mougenel,"Cherie,Mougenel Cherie|Mougenel|Mougenel"
"Yulma,Seed",Yulma|Seed|Seed,"Yulma,Seed Yulma|Seed|Seed"
"Guido,Fontelles",Guido|Fontelles|Fontelles,"Guido,Fontelles Guido|Fontelles|Fontelles"
"Kandy,Cappell",Kandy|Cappell|Cappell,"Kandy,Cappell Kandy|Cappell|Cappell"
"Milton,Bulfit",Milton|Bulfit|Bulfit,"Milton,Bulfit Milton|Bulfit|Bulfit"
"Taite,Yuryatin",Taite|Yuryatin|Yuryatin,"Taite,Yuryatin Taite|Yuryatin|Yuryatin"
"Norina,Boliver",Norina|Boliver|Boliver,"Norina,Boliver Norina|Boliver|Boliver"
"Putnem,Hevner",Putnem|Hevner|Hevner,"Putnem,Hevner Putnem|Hevner|Hevner"
"Holli,Exon",Holli|Exon|Exon,"Holli,Exon Holli|Exon|Exon"
"Merle,Darracott",Merle|Darracott|Darracott,"Merle,Darracott Merle|Darracott|Darracott"
"Malinde,Nutman",Malinde|Nutman|Nutman,"Malinde,Nutman Malinde|Nutman|Nutman"
"Shea,Strover",Shea|Strover|Strover,"Shea,Strover Shea|Strover|Strover"
"Sampson,Furze",Sampson|Furze|Furze,"Sampson,Furze Sampson|Furze|Furze"
"Ira,Edworthye",Ira|Edworthye|Edworthye,"Ira,Edworthye Ira|Edworthye|Edworthye"
"Mickey,Alastair",Mickey|Alastair|Alastair,"Mickey,Alastair Mickey|Alastair|Alastair"
"Holt,Kenningham",Holt|Kenningham|Kenningham,"Holt,Kenningham Holt|Kenningham|Kenningham"
"Rayna,Howchin",Rayna|Howchin|Howchin,"Rayna,Howchin Rayna|Howchin|Howchin"
"Concettina,Asaaf",Concettina|Asaaf|Asaaf,"Concettina,Asaaf Concettina|Asaaf|Asaaf"
"Lorant,Nielson",Lorant|Nielson|Nielson,"Lorant,Nielson Lorant|Nielson|Nielson"
"Ravi,Ledwitch",Ravi|Ledwitch|Ledwitch,"Ravi,Ledwitch Ravi|Ledwitch|Ledwitch"
"Judon,Pykerman",Judon|Pykerman|Pykerman,"Judon,Pykerman Judon|Pykerman|Pykerman"
"Malinde,Gulleford",Malinde|Gulleford|Gulleford,"Malinde,Gulleford Malinde|Gulleford|Gulleford"
"Seth,Proughten",Seth|Proughten|Proughten,"Seth,Proughten Seth|Proughten|Proughten"
"Say,Crystal",Say|Crystal|Crystal,"Say,Crystal Say|Crystal|Crystal"
"Ulrikaumeko,Hariot",Ulrikaumeko|Hariot|Hariot,"Ulrikaumeko,Hariot Ulrikaumeko|Hariot|Hariot"
"Tyne,Gaythor",Tyne|Gaythor|Gaythor,"Tyne,Gaythor Tyne|Gaythor|Gaythor"
"Briggs,Dorrance",Briggs|Dorrance|Dorrance,"Briggs,Dorrance Briggs|Dorrance|Dorrance"
"Pam,Moens",Pam|Moens|Moens,"Pam,Moens Pam|Moens|Moens"
"Riane,Blumson",Riane|Blumson|Blumson,"Riane,Blumson Riane|Blumson|Blumson"
"Travis,Jelliman",Travis|Jelliman|Jelliman,"Travis,Jelliman Travis|Jelliman|Jelliman"
"Caterina,Kennard",Caterina|Kennard|Kennard,"Caterina,Kennard Caterina|Kennard|Kennard"
"Sharleen,Locard",Sharleen|Locard|Locard,"Sharleen,Locard Sharleen|Locard|Locard"
"Yanaton,Jostan",Yanaton|Jostan|Jostan,"Yanaton,Jostan Yanaton|Jostan|Jostan"
"Christoffer,Gott",Christoffer|Gott|Gott,"Christoffer,Gott Christoffer|Gott|Gott"
"Arny,Shakle",Arny|Shakle|Shakle,"Arny,Shakle Arny|Shakle|Shakle"
"Harrison,Common",Harrison|Common|Common,"Harrison,Common Harrison|Common|Common"
"Shirley,Clawson",Shirley|Clawson|Clawson,"Shirley,Clawson Shirley|Clawson|Clawson"
"Alic,Astle",Alic|Astle|Astle,"Alic,Astle Alic|Astle|Astle"
"Jana,Tommasetti",Jana|Tommasetti|Tommasetti,"Jana,Tommasetti Jana|Tommasetti|Tommasetti"
"Harlen,Kirkland",Harlen|Kirkland|Kirkland,"Harlen,Kirkland Harlen|Kirkland|Kirkland"
"Rodi,Wison",Rodi|Wison|Wison,"Rodi,Wison Rodi|Wison|Wison"
"Colver,Dumphry",Colver|Dumphry|Dumphry,"Colver,Dumphry Colver|Dumphry|Dumphry"
"Brnaba,Horsey",Brnaba|Horsey|Horsey,"Brnaba,Horsey Brnaba|Horsey|Horsey"
"Gill,Serridge",Gill|Serridge|Serridge,"Gill,Serridge Gill|Serridge|Serridge"
"Desiree,Pipe",Desiree|Pipe|Pipe,"Desiree,Pipe Desiree|Pipe|Pipe"
"Daphna,Reddyhoff",Daphna|Reddyhoff|Reddyhoff,"Daphna,Reddyhoff Daphna|Reddyhoff|Reddyhoff"
"Levy,Crighten",Levy|Crighten|Crighten,"Levy,Crighten Levy|Crighten|Crighten"
"Milka,Lillico",Milka|Lillico|Lillico,"Milka,Lillico Milka|Lillico|Lillico"
"Karena,Regenhardt",Karena|Regenhardt|Regenhardt,"Karena,Regenhardt Karena|Regenhardt|Regenhardt"
"Archy,Belshaw",Archy|Belshaw|Belshaw,"Archy,Belshaw Archy|Belshaw|Belshaw"
"Deck,Hansod",Deck|Hansod|Hansod,"Deck,Hansod Deck|Hansod|Hansod"
"Erma,Bernardoni",Erma|Bernardoni|Bernardoni,"Erma,Bernardoni Erma|Bernardoni|Bernardoni"
"Tedd,Roggeman",Tedd|Roggeman|Roggeman,"Tedd,Roggeman Tedd|Roggeman|Roggeman"
"Garv,Duer",Garv|Duer|Duer,"Garv,Duer Garv|Duer|Duer"
"Reine,Trowell",Reine|Trowell|Trowell,"Reine,Trowell Reine|Trowell|Trowell"
"Agnesse,Swinford",Agnesse|Swinford|Swinford,"Agnesse,Swinford Agnesse|Swinford|Swinford"
"Leonid,enzley",Leonid|enzley|enzley,"Leonid,enzley Leonid|enzley|enzley"
"Serena,Barrott",Serena|Barrott|Barrott,"Serena,Barrott Serena|Barrott|Barrott"
"Cecilio,Petry",Cecilio|Petry|Petry,"Cecilio,Petry Cecilio|Petry|Petry"
"Eleni,Morston",Eleni|Morston|Morston,"Eleni,Morston Eleni|Morston|Morston"
"Michell,Jarvis",Michell|Jarvis|Jarvis,"Michell,Jarvis Michell|Jarvis|Jarvis"
"Yevette,Hutable",Yevette|Hutable|Hutable,"Yevette,Hutable Yevette|Hutable|Hutable"
"Edy,Bestall",Edy|Bestall|Bestall,"Edy,Bestall Edy|Bestall|Bestall"
"Gideon,Voss",Gideon|Voss|Voss,"Gideon,Voss Gideon|Voss|Voss"
"Etheline,Sacks",Etheline|Sacks|Sacks,"Etheline,Sacks Etheline|Sacks|Sacks"
"Bree,MacAlroy",Bree|MacAlroy|MacAlroy,"Bree,MacAlroy Bree|MacAlroy|MacAlroy"
"Jo-ann,Bendall",Jo-ann|Bendall|Bendall,"Jo-ann,Bendall Jo-ann|Bendall|Bendall"
"Isa,Rozea",Isa|Rozea|Rozea,"Isa,Rozea Isa|Rozea|Rozea"
"Sybyl,Week",Sybyl|Week|Week,"Sybyl,Week Sybyl|Week|Week"
"Jobi,Marle",Jobi|Marle|Marle,"Jobi,Marle Jobi|Marle|Marle"
"Rustin,Leyshon",Rustin|Leyshon|Leyshon,"Rustin,Leyshon Rustin|Leyshon|Leyshon"
"Welbie,Blaymires",Welbie|Blaymires|Blaymires,"Welbie,Blaymires Welbie|Blaymires|Blaymires"
"Germain,Kampshell",Germain|Kampshell|Kampshell,"Germain,Kampshell Germain|Kampshell|Kampshell"
"Mallory,Pauluzzi",Mallory|Pauluzzi|Pauluzzi,"Mallory,Pauluzzi Mallory|Pauluzzi|Pauluzzi"
"Saloma,Symms",Saloma|Symms|Symms,"Saloma,Symms Saloma|Symms|Symms"
"Sumner,Sanger",Sumner|Sanger|Sanger,"Sumner,Sanger Sumner|Sanger|Sanger"
"Minny,Farquarson",Minny|Farquarson|Farquarson,"Minny,Farquarson Minny|Farquarson|Farquarson"
"Stearn,Lerohan",Stearn|Lerohan|Lerohan,"Stearn,Lerohan Stearn|Lerohan|Lerohan"
"Joycelin,Pressnell",Joycelin|Pressnell|Pressnell,"Joycelin,Pressnell Joycelin|Pressnell|Pressnell"
"Randal,Corking",Randal|Corking|Corking,"Randal,Corking Randal|Corking|Corking"
"Cobby,Mudge",Cobby|Mudge|Mudge,"Cobby,Mudge Cobby|Mudge|Mudge"
"Romona,Skouling",Romona|Skouling|Skouling,"Romona,Skouling Romona|Skouling|Skouling"
"Celeste,Willcott",Celeste|Willcott|Willcott,"Celeste,Willcott Celeste|Willcott|Willcott"
"Emmye,Lehrer",Emmye|Lehrer|Lehrer,"Emmye,Lehrer Emmye|Lehrer|Lehrer"
"Rosanne,Janton",Rosanne|Janton|Janton,"Rosanne,Janton Rosanne|Janton|Janton"
"Wes,Garstang",Wes|Garstang|Garstang,"Wes,Garstang Wes|Garstang|Garstang"
"Carrissa,Focke",Carrissa|Focke|Focke,"Carrissa,Focke Carrissa|Focke|Focke"
"Darice,Washington",Darice|Washington|Washington,"Darice,Washington Darice|Washington|Washington"
"Tan,Bisgrove",Tan|Bisgrove|Bisgrove,"Tan,Bisgrove Tan|Bisgrove|Bisgrove"
"Friederike,Dobing",Friederike|Dobing|Dobing,"Friederike,Dobing Friederike|Dobing|Dobing"
"Chelsea,Glenton",Chelsea|Glenton|Glenton,"Chelsea,Glenton Chelsea|Glenton|Glenton"
"Gaylord,Cudworth",Gaylord|Cudworth|Cudworth,"Gaylord,Cudworth Gaylord|Cudworth|Cudworth"
"Anson,Adamik",Anson|Adamik|Adamik,"Anson,Adamik Anson|Adamik|Adamik"
"Marin,Calan",Marin|Calan|Calan,"Marin,Calan Marin|Calan|Calan"
"Danyette,MacIlurick",Danyette|MacIlurick|MacIlurick,"Danyette,MacIlurick Danyette|MacIlurick|MacIlurick"
"Barret,Kraft",Barret|Kraft|Kraft,"Barret,Kraft Barret|Kraft|Kraft"
"Francklin,Frie",Francklin|Frie|Frie,"Francklin,Frie Francklin|Frie|Frie"
"Gerrilee,Addy",Gerrilee|Addy|Addy,"Gerrilee,Addy Gerrilee|Addy|Addy"
"Zollie,Jedrychowski",Zollie|Jedrychowski|Jedrychowski,"Zollie,Jedrychowski Zollie|Jedrychowski|Jedrychowski"
"Vick,Quinnelly",Vick|Quinnelly|Quinnelly,"Vick,Quinnelly Vick|Quinnelly|Quinnelly"
"Blair,Howlett",Blair|Howlett|Howlett,"Blair,Howlett Blair|Howlett|Howlett"
"Pauline,Ivanov",Pauline|Ivanov|Ivanov,"Pauline,Ivanov Pauline|Ivanov|Ivanov"
"Cammie,Crisp",Cammie|Crisp|Crisp,"Cammie,Crisp Cammie|Crisp|Crisp"
"John,Brunsdon",John|Brunsdon|Brunsdon,"John,Brunsdon John|Brunsdon|Brunsdon"
"Ardenia,Creboe",Ardenia|Creboe|Creboe,"Ardenia,Creboe Ardenia|Creboe|Creboe"
"Evin,Boots",Evin|Boots|Boots,"Evin,Boots Evin|Boots|Boots"
"Ephrayim,Rayner",Ephrayim|Rayner|Rayner,"Ephrayim,Rayner Ephrayim|Rayner|Rayner"
"Edeline,Bastie",Edeline|Bastie|Bastie,"Edeline,Bastie Edeline|Bastie|Bastie"
"Lydia,Pauling",Lydia|Pauling|Pauling,"Lydia,Pauling Lydia|Pauling|Pauling"
"Louis,Fernao",Louis|Fernao|Fernao,"Louis,Fernao Louis|Fernao|Fernao"
"Odie,Clapton",Odie|Clapton|Clapton,"Odie,Clapton Odie|Clapton|Clapton"
"Shawna,Brooksbie",Shawna|Brooksbie|Brooksbie,"Shawna,Brooksbie Shawna|Brooksbie|Brooksbie"
"Esteban,Wale",Esteban|Wale|Wale,"Esteban,Wale Esteban|Wale|Wale"
"Kristoffer,Waby",Kristoffer|Waby|Waby,"Kristoffer,Waby Kristoffer|Waby|Waby"
"Alfie,Sinisbury",Alfie|Sinisbury|Sinisbury,"Alfie,Sinisbury Alfie|Sinisbury|Sinisbury"
"Mischa,Ferier",Mischa|Ferier|Ferier,"Mischa,Ferier Mischa|Ferier|Ferier"
"Elias,O'Henery",Elias|O'Henery|O'Henery,"Elias,O'Henery Elias|O'Henery|O'Henery"
"Eustace,Javes",Eustace|Javes|Javes,"Eustace,Javes Eustace|Javes|Javes"
"Marina,Kitching",Marina|Kitching|Kitching,"Marina,Kitching Marina|Kitching|Kitching"
"Andreana,Furse",Andreana|Furse|Furse,"Andreana,Furse Andreana|Furse|Furse"
"Lois,Gatherer",Lois|Gatherer|Gatherer,"Lois,Gatherer Lois|Gatherer|Gatherer"
"Egan,Cisland",Egan|Cisland|Cisland,"Egan,Cisland Egan|Cisland|Cisland"
"Madeline,Hennemann",Madeline|Hennemann|Hennemann,"Madeline,Hennemann Madeline|Hennemann|Hennemann"
"Luci,Wiffield",Luci|Wiffield|Wiffield,"Luci,Wiffield Luci|Wiffield|Wiffield"
"Parsifal,Leonardi",Parsifal|Leonardi|Leonardi,"Parsifal,Leonardi Parsifal|Leonardi|Leonardi"
"Errol,McEvon",Errol|McEvon|McEvon,"Errol,McEvon Errol|McEvon|McEvon"
"Benjie,Bodham",Benjie|Bodham|Bodham,"Benjie,Bodham Benjie|Bodham|Bodham"
"Carmine,Caghan",Carmine|Caghan|Caghan,"Carmine,Caghan Carmine|Caghan|Caghan"
"Isaiah,Bernadzki",Isaiah|Bernadzki|Bernadzki,"Isaiah,Bernadzki Isaiah|Bernadzki|Bernadzki"
"Lorie,Zealey",Lorie|Zealey|Zealey,"Lorie,Zealey Lorie|Zealey|Zealey"
"Leonidas,Duval",Leonidas|Duval|Duval,"Leonidas,Duval Leonidas|Duval|Duval"
"Sayre,Goward",Sayre|Goward|Goward,"Sayre,Goward Sayre|Goward|Goward"
"Meade,Dominichelli",Meade|Dominichelli|Dominichelli,"Meade,Dominichelli Meade|Dominichelli|Dominichelli"
"Bentlee,Gostridge",Bentlee|Gostridge|Gostridge,"Bentlee,Gostridge Bentlee|Gostridge|Gostridge"
"Morten,Baford",Morten|Baford|Baford,"Morten,Baford Morten|Baford|Baford"
"Innis,Karppi",Innis|Karppi|Karppi,"Innis,Karppi Innis|Karppi|Karppi"
"Darby,Timlett",Darby|Timlett|Timlett,"Darby,Timlett Darby|Timlett|Timlett"
"Patrizio,Whelpton",Patrizio|Whelpton|Whelpton,"Patrizio,Whelpton Patrizio|Whelpton|Whelpton"
"Barbaraanne,Noon",Barbaraanne|Noon|Noon,"Barbaraanne,Noon Barbaraanne|Noon|Noon"
"Vale,Habbeshaw",Vale|Habbeshaw|Habbeshaw,"Vale,Habbeshaw Vale|Habbeshaw|Habbeshaw"
"Jenifer,Troctor",Jenifer|Troctor|Troctor,"Jenifer,Troctor Jenifer|Troctor|Troctor"
"Franciska,Panting",Franciska|Panting|Panting,"Franciska,Panting Franciska|Panting|Panting"
"Bronson,Curtin",Bronson|Curtin|Curtin,"Bronson,Curtin Bronson|Curtin|Curtin"
"Cody,Stillmann",Cody|Stillmann|Stillmann,"Cody,Stillmann Cody|Stillmann|Stillmann"
"Sherman,Parbrook",Sherman|Parbrook|Parbrook,"Sherman,Parbrook Sherman|Parbrook|Parbrook"
"Bernette,Edmenson",Bernette|Edmenson|Edmenson,"Bernette,Edmenson Bernette|Edmenson|Edmenson"
"Cristine,Loads",Cristine|Loads|Loads,"Cristine,Loads Cristine|Loads|Loads"
"Jilleen,Ernke",Jilleen|Ernke|Ernke,"Jilleen,Ernke Jilleen|Ernke|Ernke"
"Clerkclaude,Debold",Clerkclaude|Debold|Debold,"Clerkclaude,Debold Clerkclaude|Debold|Debold"
"Trevor,Poulsum",Trevor|Poulsum|Poulsum,"Trevor,Poulsum Trevor|Poulsum|Poulsum"
"Annie,Gatrill",Annie|Gatrill|Gatrill,"Annie,Gatrill Annie|Gatrill|Gatrill"
"Jillana,Errichelli",Jillana|Errichelli|Errichelli,"Jillana,Errichelli Jillana|Errichelli|Errichelli"
"Viviyan,McFee",Viviyan|McFee|McFee,"Viviyan,McFee Viviyan|McFee|McFee"
"Lorrie,Spira",Lorrie|Spira|Spira,"Lorrie,Spira Lorrie|Spira|Spira"
"Wendell,Christiensen",Wendell|Christiensen|Christiensen,"Wendell,Christiensen Wendell|Christiensen|Christiensen"
"Maynord,Balcock",Maynord|Balcock|Balcock,"Maynord,Balcock Maynord|Balcock|Balcock"
"Raddy,Gregoratti",Raddy|Gregoratti|Gregoratti,"Raddy,Gregoratti Raddy|Gregoratti|Gregoratti"
"Nickey,Mattheis",Nickey|Mattheis|Mattheis,"Nickey,Mattheis Nickey|Mattheis|Mattheis"
"Rosabella,Kolyagin",Rosabella|Kolyagin|Kolyagin,"Rosabella,Kolyagin Rosabella|Kolyagin|Kolyagin"
"Ramsay,Spehr",Ramsay|Spehr|Spehr,"Ramsay,Spehr Ramsay|Spehr|Spehr"
"Arnold,Gaskal",Arnold|Gaskal|Gaskal,"Arnold,Gaskal Arnold|Gaskal|Gaskal"
"Carlin,Seely",Carlin|Seely|Seely,"Carlin,Seely Carlin|Seely|Seely"
"Rowan,Gainseford",Rowan|Gainseford|Gainseford,"Rowan,Gainseford Rowan|Gainseford|Gainseford"
"Dom,Townrow",Dom|Townrow|Townrow,"Dom,Townrow Dom|Townrow|Townrow"
"Darby,Lochhead",Darby|Lochhead|Lochhead,"Darby,Lochhead Darby|Lochhead|Lochhead"
"Sheila,Ollivier",Sheila|Ollivier|Ollivier,"Sheila,Ollivier Sheila|Ollivier|Ollivier"
"Lolly,Hurdidge",Lolly|Hurdidge|Hurdidge,"Lolly,Hurdidge Lolly|Hurdidge|Hurdidge"
"Egan,Ganing",Egan|Ganing|Ganing,"Egan,Ganing Egan|Ganing|Ganing"
"Fanya,Kay",Fanya|Kay|Kay,"Fanya,Kay Fanya|Kay|Kay"
"Vasilis,Gwynne",Vasilis|Gwynne|Gwynne,"Vasilis,Gwynne Vasilis|Gwynne|Gwynne"
"Florencia,Oakwood",Florencia|Oakwood|Oakwood,"Florencia,Oakwood Florencia|Oakwood|Oakwood"
"Traver,Row",Traver|Row|Row,"Traver,Row Traver|Row|Row"
"Lesly,Couzens",Lesly|Couzens|Couzens,"Lesly,Couzens Lesly|Couzens|Couzens"
"Mirilla,Rosen",Mirilla|Rosen|Rosen,"Mirilla,Rosen Mirilla|Rosen|Rosen"
"Bobette,Beinke",Bobette|Beinke|Beinke,"Bobette,Beinke Bobette|Beinke|Beinke"
"Melantha,Springer",Melantha|Springer|Springer,"Melantha,Springer Melantha|Springer|Springer"
"Miles,Andrejevic",Miles|Andrejevic|Andrejevic,"Miles,Andrejevic Miles|Andrejevic|Andrejevic"
"Hermina,Argent",Hermina|Argent|Argent,"Hermina,Argent Hermina|Argent|Argent"
"Lindsey,Greenacre",Lindsey|Greenacre|Greenacre,"Lindsey,Greenacre Lindsey|Greenacre|Greenacre"
"Erica,McGilben",Erica|McGilben|McGilben,"Erica,McGilben Erica|McGilben|McGilben"
"Julian,Edwicker",Julian|Edwicker|Edwicker,"Julian,Edwicker Julian|Edwicker|Edwicker"
"Pippy,Wegner",Pippy|Wegner|Wegner,"Pippy,Wegner Pippy|Wegner|Wegner"
"Carline,Exposito",Carline|Exposito|Exposito,"Carline,Exposito Carline|Exposito|Exposito"
"Valma,Muirhead",Valma|Muirhead|Muirhead,"Valma,Muirhead Valma|Muirhead|Muirhead"
"Tiphany,De Gregoli",Tiphany|De Gregoli|De Gregoli,"Tiphany,De Gregoli Tiphany|De Gregoli|De Gregoli"
"Aurelie,Dreye",Aurelie|Dreye|Dreye,"Aurelie,Dreye Aurelie|Dreye|Dreye"
"Jean,Baumadier",Jean|Baumadier|Baumadier,"Jean,Baumadier Jean|Baumadier|Baumadier"
"Natividad,McDonagh",Natividad|McDonagh|McDonagh,"Natividad,McDonagh Natividad|McDonagh|McDonagh"
"Camella,Beard",Camella|Beard|Beard,"Camella,Beard Camella|Beard|Beard"
"Hanna,Coenraets",Hanna|Coenraets|Coenraets,"Hanna,Coenraets Hanna|Coenraets|Coenraets"
"Marcella,Leagas",Marcella|Leagas|Leagas,"Marcella,Leagas Marcella|Leagas|Leagas"
"Jobi,Boog",Jobi|Boog|Boog,"Jobi,Boog Jobi|Boog|Boog"
"Willi,Rotge",Willi|Rotge|Rotge,"Willi,Rotge Willi|Rotge|Rotge"
"Arv,Fookes",Arv|Fookes|Fookes,"Arv,Fookes Arv|Fookes|Fookes"
"Kippy,Leborgne",Kippy|Leborgne|Leborgne,"Kippy,Leborgne Kippy|Leborgne|Leborgne"
"Atlanta,Ladley",Atlanta|Ladley|Ladley,"Atlanta,Ladley Atlanta|Ladley|Ladley"
"Evangelina,Pendergast",Evangelina|Pendergast|Pendergast,"Evangelina,Pendergast Evangelina|Pendergast|Pendergast"
"Val,Poate",Val|Poate|Poate,"Val,Poate Val|Poate|Poate"
"Jacky,Zebedee",Jacky|Zebedee|Zebedee,"Jacky,Zebedee Jacky|Zebedee|Zebedee"
"Townie,Zanini",Townie|Zanini|Zanini,"Townie,Zanini Townie|Zanini|Zanini"
"Frayda,Congreave",Frayda|Congreave|Congreave,"Frayda,Congreave Frayda|Congreave|Congreave"
"Reginald,Birdis",Reginald|Birdis|Birdis,"Reginald,Birdis Reginald|Birdis|Birdis"
"Hillary,MacGaffey",Hillary|MacGaffey|MacGaffey,"Hillary,MacGaffey Hillary|MacGaffey|MacGaffey"
"Dulcinea,Lillico",Dulcinea|Lillico|Lillico,"Dulcinea,Lillico Dulcinea|Lillico|Lillico"
"Hermina,MacEvilly",Hermina|MacEvilly|MacEvilly,"Hermina,MacEvilly Hermina|MacEvilly|MacEvilly"
"Reamonn,McGahern",Reamonn|McGahern|McGahern,"Reamonn,McGahern Reamonn|McGahern|McGahern"
"Kirstyn,Elsmore",Kirstyn|Elsmore|Elsmore,"Kirstyn,Elsmore Kirstyn|Elsmore|Elsmore"
"Merridie,Suggett",Merridie|Suggett|Suggett,"Merridie,Suggett Merridie|Suggett|Suggett"
"Ashely,Aldin",Ashely|Aldin|Aldin,"Ashely,Aldin Ashely|Aldin|Aldin"
"Roch,Cridlan",Roch|Cridlan|Cridlan,"Roch,Cridlan Roch|Cridlan|Cridlan"
"Dario,Waldock",Dario|Waldock|Waldock,"Dario,Waldock Dario|Waldock|Waldock"
"Alikee,Powley",Alikee|Powley|Powley,"Alikee,Powley Alikee|Powley|Powley"
"Agnese,Caplen",Agnese|Caplen|Caplen,"Agnese,Caplen Agnese|Caplen|Caplen"
"Maxwell,Jendrassik",Maxwell|Jendrassik|Jendrassik,"Maxwell,Jendrassik Maxwell|Jendrassik|Jendrassik"
"Anitra,Hollyer",Anitra|Hollyer|Hollyer,"Anitra,Hollyer Anitra|Hollyer|Hollyer"
"Johan,Askew",Johan|Askew|Askew,"Johan,Askew Johan|Askew|Askew"
"Genevieve,Wedlock",Genevieve|Wedlock|Wedlock,"Genevieve,Wedlock Genevieve|Wedlock|Wedlock"
"Alika,Jelfs",Alika|Jelfs|Jelfs,"Alika,Jelfs Alika|Jelfs|Jelfs"
"Penelope,Thornborrow",Penelope|Thornborrow|Thornborrow,"Penelope,Thornborrow Penelope|Thornborrow|Thornborrow"
"Arleen,Roxby",Arleen|Roxby|Roxby,"Arleen,Roxby Arleen|Roxby|Roxby"
"Joli,Bartosch",Joli|Bartosch|Bartosch,"Joli,Bartosch Joli|Bartosch|Bartosch"
"Sadie,Shackesby",Sadie|Shackesby|Shackesby,"Sadie,Shackesby Sadie|Shackesby|Shackesby"
"Burnaby,Zumbusch",Burnaby|Zumbusch|Zumbusch,"Burnaby,Zumbusch Burnaby|Zumbusch|Zumbusch"
"Jerad,Klemensiewicz",Jerad|Klemensiewicz|Klemensiewicz,"Jerad,Klemensiewicz Jerad|Klemensiewicz|Klemensiewicz"
"Quincey,Longbone",Quincey|Longbone|Longbone,"Quincey,Longbone Quincey|Longbone|Longbone"
"Elias,Rodenborch",Elias|Rodenborch|Rodenborch,"Elias,Rodenborch Elias|Rodenborch|Rodenborch"
"Ches,Meffen",Ches|Meffen|Meffen,"Ches,Meffen Ches|Meffen|Meffen"
"Irita,Fero",Irita|Fero|Fero,"Irita,Fero Irita|Fero|Fero"
"Kessia,Albertson",Kessia|Albertson|Albertson,"Kessia,Albertson Kessia|Albertson|Albertson"
"Biron,Derricoat",Biron|Derricoat|Derricoat,"Biron,Derricoat Biron|Derricoat|Derricoat"
"Constantino,Bewley",Constantino|Bewley|Bewley,"Constantino,Bewley Constantino|Bewley|Bewley"
"Henrik,Witcherley",Henrik|Witcherley|Witcherley,"Henrik,Witcherley Henrik|Witcherley|Witcherley"
"Thorpe,Lankester",Thorpe|Lankester|Lankester,"Thorpe,Lankester Thorpe|Lankester|Lankester"
"Constantina,Javes",Constantina|Javes|Javes,"Constantina,Javes Constantina|Javes|Javes"
"Bobette,Manuele",Bobette|Manuele|Manuele,"Bobette,Manuele Bobette|Manuele|Manuele"
"Emory,Alder",Emory|Alder|Alder,"Emory,Alder Emory|Alder|Alder"
"Goraud,Bruty",Goraud|Bruty|Bruty,"Goraud,Bruty Goraud|Bruty|Bruty"
"Tripp,Kesterton",Tripp|Kesterton|Kesterton,"Tripp,Kesterton Tripp|Kesterton|Kesterton"
"Atlanta,Hasling",Atlanta|Hasling|Hasling,"Atlanta,Hasling Atlanta|Hasling|Hasling"
"Shirley,Fant",Shirley|Fant|Fant,"Shirley,Fant Shirley|Fant|Fant"
"Carroll,Elms",Carroll|Elms|Elms,"Carroll,Elms Carroll|Elms|Elms"
"Dorothy,Weathers",Dorothy|Weathers|Weathers,"Dorothy,Weathers Dorothy|Weathers|Weathers"
"Douglass,Snelman",Douglass|Snelman|Snelman,"Douglass,Snelman Douglass|Snelman|Snelman"
"Diann,Gutans",Diann|Gutans|Gutans,"Diann,Gutans Diann|Gutans|Gutans"
"Olympe,Allanby",Olympe|Allanby|Allanby,"Olympe,Allanby Olympe|Allanby|Allanby"
"Ciro,Cockshtt",Ciro|Cockshtt|Cockshtt,"Ciro,Cockshtt Ciro|Cockshtt|Cockshtt"
"Shela,Shakelade",Shela|Shakelade|Shakelade,"Shela,Shakelade Shela|Shakelade|Shakelade"
"Ludvig,Alcott",Ludvig|Alcott|Alcott,"Ludvig,Alcott Ludvig|Alcott|Alcott"
"Marianna,Castelyn",Marianna|Castelyn|Castelyn,"Marianna,Castelyn Marianna|Castelyn|Castelyn"
"Gladys,Jacquot",Gladys|Jacquot|Jacquot,"Gladys,Jacquot Gladys|Jacquot|Jacquot"
"Briney,Blues",Briney|Blues|Blues,"Briney,Blues Briney|Blues|Blues"
"Helli,Edgerley",Helli|Edgerley|Edgerley,"Helli,Edgerley Helli|Edgerley|Edgerley"
"Cherie,Halfhyde",Cherie|Halfhyde|Halfhyde,"Cherie,Halfhyde Cherie|Halfhyde|Halfhyde"
"Kyla,Berrane",Kyla|Berrane|Berrane,"Kyla,Berrane Kyla|Berrane|Berrane"
"Emelyne,Frankel",Emelyne|Frankel|Frankel,"Emelyne,Frankel Emelyne|Frankel|Frankel"
"Rochell,Navarre",Rochell|Navarre|Navarre,"Rochell,Navarre Rochell|Navarre|Navarre"
"Stanfield,Tippett",Stanfield|Tippett|Tippett,"Stanfield,Tippett Stanfield|Tippett|Tippett"
"Viole,Ramsier",Viole|Ramsier|Ramsier,"Viole,Ramsier Viole|Ramsier|Ramsier"
"Maxy,Jaye",Maxy|Jaye|Jaye,"Maxy,Jaye Maxy|Jaye|Jaye"
"Roddy,Warrington",Roddy|Warrington|Warrington,"Roddy,Warrington Roddy|Warrington|Warrington"
"Stavro,Wetherald",Stavro|Wetherald|Wetherald,"Stavro,Wetherald Stavro|Wetherald|Wetherald"
"Almeria,Baden",Almeria|Baden|Baden,"Almeria,Baden Almeria|Baden|Baden"
"Katine,Theodore",Katine|Theodore|Theodore,"Katine,Theodore Katine|Theodore|Theodore"
"Irene,Babalola",Irene|Babalola|Babalola,"Irene,Babalola Irene|Babalola|Babalola"
"Obidiah,MacDearmont",Obidiah|MacDearmont|MacDearmont,"Obidiah,MacDearmont Obidiah|MacDearmont|MacDearmont"
"Florentia,Veart",Florentia|Veart|Veart,"Florentia,Veart Florentia|Veart|Veart"
"Raphaela,Trowell",Raphaela|Trowell|Trowell,"Raphaela,Trowell Raphaela|Trowell|Trowell"
"Leoline,Dobbings",Leoline|Dobbings|Dobbings,"Leoline,Dobbings Leoline|Dobbings|Dobbings"
"Merv,Forbear",Merv|Forbear|Forbear,"Merv,Forbear Merv|Forbear|Forbear"
"Barri,Dominici",Barri|Dominici|Dominici,"Barri,Dominici Barri|Dominici|Dominici"
"Roy,Gajownik",Roy|Gajownik|Gajownik,"Roy,Gajownik Roy|Gajownik|Gajownik"
"Goddard,Esmond",Goddard|Esmond|Esmond,"Goddard,Esmond Goddard|Esmond|Esmond"
"Kendre,Lusher",Kendre|Lusher|Lusher,"Kendre,Lusher Kendre|Lusher|Lusher"
"Othilie,Clara",Othilie|Clara|Clara,"Othilie,Clara Othilie|Clara|Clara"
"Demetre,Samart",Demetre|Samart|Samart,"Demetre,Samart Demetre|Samart|Samart"
"Stu,Whelpton",Stu|Whelpton|Whelpton,"Stu,Whelpton Stu|Whelpton|Whelpton"
"Cassandre,Sedworth",Cassandre|Sedworth|Sedworth,"Cassandre,Sedworth Cassandre|Sedworth|Sedworth"
"Elka,Benito",Elka|Benito|Benito,"Elka,Benito Elka|Benito|Benito"
"Ambrosi,Dumbrill",Ambrosi|Dumbrill|Dumbrill,"Ambrosi,Dumbrill Ambrosi|Dumbrill|Dumbrill"
"Wilden,Digweed",Wilden|Digweed|Digweed,"Wilden,Digweed Wilden|Digweed|Digweed"
"Henrieta,Roughan",Henrieta|Roughan|Roughan,"Henrieta,Roughan Henrieta|Roughan|Roughan"
"Kelsi,Cherrett",Kelsi|Cherrett|Cherrett,"Kelsi,Cherrett Kelsi|Cherrett|Cherrett"
"Rob,Leakner",Rob|Leakner|Leakner,"Rob,Leakner Rob|Leakner|Leakner"
"Kenn,Nerheny",Kenn|Nerheny|Nerheny,"Kenn,Nerheny Kenn|Nerheny|Nerheny"
"Darya,Hearl",Darya|Hearl|Hearl,"Darya,Hearl Darya|Hearl|Hearl"
"Obidiah,Brosh",Obidiah|Brosh|Brosh,"Obidiah,Brosh Obidiah|Brosh|Brosh"
"Orlando,Collen",Orlando|Collen|Collen,"Orlando,Collen Orlando|Collen|Collen"
"Savina,Roddam",Savina|Roddam|Roddam,"Savina,Roddam Savina|Roddam|Roddam"
"Kynthia,Unwins",Kynthia|Unwins|Unwins,"Kynthia,Unwins Kynthia|Unwins|Unwins"
"Emelen,Lies",Emelen|Lies|Lies,"Emelen,Lies Emelen|Lies|Lies"
"Lenci,Temple",Lenci|Temple|Temple,"Lenci,Temple Lenci|Temple|Temple"
"Carmina,Dawltrey",Carmina|Dawltrey|Dawltrey,"Carmina,Dawltrey Carmina|Dawltrey|Dawltrey"
"Jone,Gontier",Jone|Gontier|Gontier,"Jone,Gontier Jone|Gontier|Gontier"
"Arlina,MacIlhagga",Arlina|MacIlhagga|MacIlhagga,"Arlina,MacIlhagga Arlina|MacIlhagga|MacIlhagga"
"Woodrow,Van der Kruijs",Woodrow|Van der Kruijs|Van der Kruijs,"Woodrow,Van der Kruijs Woodrow|Van der Kruijs|Van der Kruijs"
"Muire,Eland",Muire|Eland|Eland,"Muire,Eland Muire|Eland|Eland"
"Reinaldo,Meeke",Reinaldo|Meeke|Meeke,"Reinaldo,Meeke Reinaldo|Meeke|Meeke"
"Artemus,Joskowitz",Artemus|Joskowitz|Joskowitz,"Artemus,Joskowitz Artemus|Joskowitz|Joskowitz"
"Mortie,Jodkowski",Mortie|Jodkowski|Jodkowski,"Mortie,Jodkowski Mortie|Jodkowski|Jodkowski"
"Jarrod,Kibbe",Jarrod|Kibbe|Kibbe,"Jarrod,Kibbe Jarrod|Kibbe|Kibbe"
"Sherlocke,McCobb",Sherlocke|McCobb|McCobb,"Sherlocke,McCobb Sherlocke|McCobb|McCobb"
"Sallie,Andrusyak",Sallie|Andrusyak|Andrusyak,"Sallie,Andrusyak Sallie|Andrusyak|Andrusyak"
"Ulises,Belden",Ulises|Belden|Belden,"Ulises,Belden Ulises|Belden|Belden"
"Nataniel,Cumberpatch",Nataniel|Cumberpatch|Cumberpatch,"Nataniel,Cumberpatch Nataniel|Cumberpatch|Cumberpatch"
"Zared,Vest",Zared|Vest|Vest,"Zared,Vest Zared|Vest|Vest"
"Sabra,Cammocke",Sabra|Cammocke|Cammocke,"Sabra,Cammocke Sabra|Cammocke|Cammocke"
"Karrie,Kubas",Karrie|Kubas|Kubas,"Karrie,Kubas Karrie|Kubas|Kubas"
"Haroun,Luberti",Haroun|Luberti|Luberti,"Haroun,Luberti Haroun|Luberti|Luberti"
"Gabriele,Callacher",Gabriele|Callacher|Callacher,"Gabriele,Callacher Gabriele|Callacher|Callacher"
"Von,MacParlan",Von|MacParlan|MacParlan,"Von,MacParlan Von|MacParlan|MacParlan"
"Nanette,Turbern",Nanette|Turbern|Turbern,"Nanette,Turbern Nanette|Turbern|Turbern"
"Devy,Giovannelli",Devy|Giovannelli|Giovannelli,"Devy,Giovannelli Devy|Giovannelli|Giovannelli"
"Elsworth,Tollit",Elsworth|Tollit|Tollit,"Elsworth,Tollit Elsworth|Tollit|Tollit"
"Bidget,Meriel",Bidget|Meriel|Meriel,"Bidget,Meriel Bidget|Meriel|Meriel"
"Roseanne,Wickrath",Roseanne|Wickrath|Wickrath,"Roseanne,Wickrath Roseanne|Wickrath|Wickrath"
"Richart,Lettuce",Richart|Lettuce|Lettuce,"Richart,Lettuce Richart|Lettuce|Lettuce"
"Kevin,Dalliston",Kevin|Dalliston|Dalliston,"Kevin,Dalliston Kevin|Dalliston|Dalliston"
"Herman,Jenny",Herman|Jenny|Jenny,"Herman,Jenny Herman|Jenny|Jenny"
"Giusto,Schober",Giusto|Schober|Schober,"Giusto,Schober Giusto|Schober|Schober"
"Prudi,Limmer",Prudi|Limmer|Limmer,"Prudi,Limmer Prudi|Limmer|Limmer"
"Pacorro,Clemoes",Pacorro|Clemoes|Clemoes,"Pacorro,Clemoes Pacorro|Clemoes|Clemoes"
"Lillis,Sillito",Lillis|Sillito|Sillito,"Lillis,Sillito Lillis|Sillito|Sillito"
"Udell,Colbertson",Udell|Colbertson|Colbertson,"Udell,Colbertson Udell|Colbertson|Colbertson"
"Ignacius,Pizey",Ignacius|Pizey|Pizey,"Ignacius,Pizey Ignacius|Pizey|Pizey"
"Hilario,Van Baaren",Hilario|Van Baaren|Van Baaren,"Hilario,Van Baaren Hilario|Van Baaren|Van Baaren"
"Hernando,Bramelt",Hernando|Bramelt|Bramelt,"Hernando,Bramelt Hernando|Bramelt|Bramelt"
"Deny,Dillinton",Deny|Dillinton|Dillinton,"Deny,Dillinton Deny|Dillinton|Dillinton"
"Kelcie,Daviot",Kelcie|Daviot|Daviot,"Kelcie,Daviot Kelcie|Daviot|Daviot"
"Devland,Howen",Devland|Howen|Howen,"Devland,Howen Devland|Howen|Howen"
"Madelon,Lamplugh",Madelon|Lamplugh|Lamplugh,"Madelon,Lamplugh Madelon|Lamplugh|Lamplugh"
"Amandy,Earry",Amandy|Earry|Earry,"Amandy,Earry Amandy|Earry|Earry"
"Merwyn,Grzesiak",Merwyn|Grzesiak|Grzesiak,"Merwyn,Grzesiak Merwyn|Grzesiak|Grzesiak"
"Cleon,Adamoli",Cleon|Adamoli|Adamoli,"Cleon,Adamoli Cleon|Adamoli|Adamoli"
"Pru,Bowlands",Pru|Bowlands|Bowlands,"Pru,Bowlands Pru|Bowlands|Bowlands"
"Clifford,Janikowski",Clifford|Janikowski|Janikowski,"Clifford,Janikowski Clifford|Janikowski|Janikowski"
"Sven,Laba",Sven|Laba|Laba,"Sven,Laba Sven|Laba|Laba"
"Marlee,McPhilip",Marlee|McPhilip|McPhilip,"Marlee,McPhilip Marlee|McPhilip|McPhilip"
"Rachael,Geroldo",Rachael|Geroldo|Geroldo,"Rachael,Geroldo Rachael|Geroldo|Geroldo"
"Mischa,De Vaar",Mischa|De Vaar|De Vaar,"Mischa,De Vaar Mischa|De Vaar|De Vaar"
"Lilllie,Bierton",Lilllie|Bierton|Bierton,"Lilllie,Bierton Lilllie|Bierton|Bierton"
"Sibella,Kubica",Sibella|Kubica|Kubica,"Sibella,Kubica Sibella|Kubica|Kubica"
"Munmro,MacGorman",Munmro|MacGorman|MacGorman,"Munmro,MacGorman Munmro|MacGorman|MacGorman"
"Austin,Klemmt",Austin|Klemmt|Klemmt,"Austin,Klemmt Austin|Klemmt|Klemmt"
"Mag,Maes",Mag|Maes|Maes,"Mag,Maes Mag|Maes|Maes"
"Berry,Petteford",Berry|Petteford|Petteford,"Berry,Petteford Berry|Petteford|Petteford"
"Amber,Goulborn",Amber|Goulborn|Goulborn,"Amber,Goulborn Amber|Goulborn|Goulborn"
"Sharla,Fluin",Sharla|Fluin|Fluin,"Sharla,Fluin Sharla|Fluin|Fluin"
"Netti,Torrans",Netti|Torrans|Torrans,"Netti,Torrans Netti|Torrans|Torrans"
"Gavan,Lethcoe",Gavan|Lethcoe|Lethcoe,"Gavan,Lethcoe Gavan|Lethcoe|Lethcoe"
"Tobin,Shakspeare",Tobin|Shakspeare|Shakspeare,"Tobin,Shakspeare Tobin|Shakspeare|Shakspeare"
"Alfons,Simeoli",Alfons|Simeoli|Simeoli,"Alfons,Simeoli Alfons|Simeoli|Simeoli"
"Jaime,Kanwell",Jaime|Kanwell|Kanwell,"Jaime,Kanwell Jaime|Kanwell|Kanwell"
"Binny,Dumigan",Binny|Dumigan|Dumigan,"Binny,Dumigan Binny|Dumigan|Dumigan"
"Steward,Penna",Steward|Penna|Penna,"Steward,Penna Steward|Penna|Penna"
"Ivett,Whitwood",Ivett|Whitwood|Whitwood,"Ivett,Whitwood Ivett|Whitwood|Whitwood"
"Maryanne,Tomaszkiewicz",Maryanne|Tomaszkiewicz|Tomaszkiewicz,"Maryanne,Tomaszkiewicz Maryanne|Tomaszkiewicz|Tomaszkiewicz"
"Gussy,Verring",Gussy|Verring|Verring,"Gussy,Verring Gussy|Verring|Verring"
"Burty,Wicken",Burty|Wicken|Wicken,"Burty,Wicken Burty|Wicken|Wicken"
"Nikki,Dionisi",Nikki|Dionisi|Dionisi,"Nikki,Dionisi Nikki|Dionisi|Dionisi"
"Roanna,Arnaldy",Roanna|Arnaldy|Arnaldy,"Roanna,Arnaldy Roanna|Arnaldy|Arnaldy"
"Matty,Lomansey",Matty|Lomansey|Lomansey,"Matty,Lomansey Matty|Lomansey|Lomansey"
"Rivalee,Baildon",Rivalee|Baildon|Baildon,"Rivalee,Baildon Rivalee|Baildon|Baildon"
"Joline,Brackstone",Joline|Brackstone|Brackstone,"Joline,Brackstone Joline|Brackstone|Brackstone"
"Murray,Pitt",Murray|Pitt|Pitt,"Murray,Pitt Murray|Pitt|Pitt"
"Lanna,Pears",Lanna|Pears|Pears,"Lanna,Pears Lanna|Pears|Pears"
"Kira,Tasch",Kira|Tasch|Tasch,"Kira,Tasch Kira|Tasch|Tasch"
"Ellsworth,Hotson",Ellsworth|Hotson|Hotson,"Ellsworth,Hotson Ellsworth|Hotson|Hotson"
"Rory,Fechnie",Rory|Fechnie|Fechnie,"Rory,Fechnie Rory|Fechnie|Fechnie"
"Regine,Ceney",Regine|Ceney|Ceney,"Regine,Ceney Regine|Ceney|Ceney"
"Farrah,Neubigin",Farrah|Neubigin|Neubigin,"Farrah,Neubigin Farrah|Neubigin|Neubigin"
"Melita,Whittington",Melita|Whittington|Whittington,"Melita,Whittington Melita|Whittington|Whittington"
"Christi,Oldershaw",Christi|Oldershaw|Oldershaw,"Christi,Oldershaw Christi|Oldershaw|Oldershaw"
"Ruth,Peer",Ruth|Peer|Peer,"Ruth,Peer Ruth|Peer|Peer"
"Jan,Hamnett",Jan|Hamnett|Hamnett,"Jan,Hamnett Jan|Hamnett|Hamnett"
"Willa,Dennis",Willa|Dennis|Dennis,"Willa,Dennis Willa|Dennis|Dennis"
"Sayre,Indge",Sayre|Indge|Indge,"Sayre,Indge Sayre|Indge|Indge"
"Stuart,Torpie",Stuart|Torpie|Torpie,"Stuart,Torpie Stuart|Torpie|Torpie"
"Isacco,Loren",Isacco|Loren|Loren,"Isacco,Loren Isacco|Loren|Loren"
"Archaimbaud,Conneely",Archaimbaud|Conneely|Conneely,"Archaimbaud,Conneely Archaimbaud|Conneely|Conneely"
"Nollie,Caldroni",Nollie|Caldroni|Caldroni,"Nollie,Caldroni Nollie|Caldroni|Caldroni"
"Eric,Beed",Eric|Beed|Beed,"Eric,Beed Eric|Beed|Beed"
"Gerhardt,Frame",Gerhardt|Frame|Frame,"Gerhardt,Frame Gerhardt|Frame|Frame"
"Noby,Hornung",Noby|Hornung|Hornung,"Noby,Hornung Noby|Hornung|Hornung"
"Anetta,Wagerfield",Anetta|Wagerfield|Wagerfield,"Anetta,Wagerfield Anetta|Wagerfield|Wagerfield"
"Nan,Imloch",Nan|Imloch|Imloch,"Nan,Imloch Nan|Imloch|Imloch"
"Elita,Reape",Elita|Reape|Reape,"Elita,Reape Elita|Reape|Reape"
"Alica,Loalday",Alica|Loalday|Loalday,"Alica,Loalday Alica|Loalday|Loalday"
"Basil,Strangward",Basil|Strangward|Strangward,"Basil,Strangward Basil|Strangward|Strangward"
"Mack,Haycroft",Mack|Haycroft|Haycroft,"Mack,Haycroft Mack|Haycroft|Haycroft"
"Tan,Grigoryov",Tan|Grigoryov|Grigoryov,"Tan,Grigoryov Tan|Grigoryov|Grigoryov"
"Ennis,Gorrissen",Ennis|Gorrissen|Gorrissen,"Ennis,Gorrissen Ennis|Gorrissen|Gorrissen"
"Evelyn,Mayou",Evelyn|Mayou|Mayou,"Evelyn,Mayou Evelyn|Mayou|Mayou"
"Etienne,Fibben",Etienne|Fibben|Fibben,"Etienne,Fibben Etienne|Fibben|Fibben"
"Frankie,Whitehorn",Frankie|Whitehorn|Whitehorn,"Frankie,Whitehorn Frankie|Whitehorn|Whitehorn"
"Mikael,Cammish",Mikael|Cammish|Cammish,"Mikael,Cammish Mikael|Cammish|Cammish"
"Tobit,Senett",Tobit|Senett|Senett,"Tobit,Senett Tobit|Senett|Senett"
"Carroll,Tookill",Carroll|Tookill|Tookill,"Carroll,Tookill Carroll|Tookill|Tookill"
"Ann-marie,Choke",Ann-marie|Choke|Choke,"Ann-marie,Choke Ann-marie|Choke|Choke"
"Antony,Smeal",Antony|Smeal|Smeal,"Antony,Smeal Antony|Smeal|Smeal"
"Dall,Barbosa",Dall|Barbosa|Barbosa,"Dall,Barbosa Dall|Barbosa|Barbosa"
"Emmet,Kember",Emmet|Kember|Kember,"Emmet,Kember Emmet|Kember|Kember"
"Marabel,Paterno",Marabel|Paterno|Paterno,"Marabel,Paterno Marabel|Paterno|Paterno"
"Ilyse,Menci",Ilyse|Menci|Menci,"Ilyse,Menci Ilyse|Menci|Menci"
"Luz,Klesse",Luz|Klesse|Klesse,"Luz,Klesse Luz|Klesse|Klesse"
"Celinka,Goodbairn",Celinka|Goodbairn|Goodbairn,"Celinka,Goodbairn Celinka|Goodbairn|Goodbairn"
"Thorpe,Rapp",Thorpe|Rapp|Rapp,"Thorpe,Rapp Thorpe|Rapp|Rapp"
"Anne-marie,Sebring",Anne-marie|Sebring|Sebring,"Anne-marie,Sebring Anne-marie|Sebring|Sebring"
"Isidoro,Trazzi",Isidoro|Trazzi|Trazzi,"Isidoro,Trazzi Isidoro|Trazzi|Trazzi"
"Ruprecht,Caherny",Ruprecht|Caherny|Caherny,"Ruprecht,Caherny Ruprecht|Caherny|Caherny"
"Heall,Seppey",Heall|Seppey|Seppey,"Heall,Seppey Heall|Seppey|Seppey"
"Carlie,Dunbavin",Carlie|Dunbavin|Dunbavin,"Carlie,Dunbavin Carlie|Dunbavin|Dunbavin"
"Charlie,Kilrow",Charlie|Kilrow|Kilrow,"Charlie,Kilrow Charlie|Kilrow|Kilrow"
"Julianna,Chat",Julianna|Chat|Chat,"Julianna,Chat Julianna|Chat|Chat"
"Leslie,Sandell",Leslie|Sandell|Sandell,"Leslie,Sandell Leslie|Sandell|Sandell"
"Fairlie,Wolfers",Fairlie|Wolfers|Wolfers,"Fairlie,Wolfers Fairlie|Wolfers|Wolfers"
"Beret,Cragoe",Beret|Cragoe|Cragoe,"Beret,Cragoe Beret|Cragoe|Cragoe"
"Marco,Christopherson",Marco|Christopherson|Christopherson,"Marco,Christopherson Marco|Christopherson|Christopherson"
"Roddie,Gladdis",Roddie|Gladdis|Gladdis,"Roddie,Gladdis Roddie|Gladdis|Gladdis"
"Tibold,Midson",Tibold|Midson|Midson,"Tibold,Midson Tibold|Midson|Midson"
"Cecilia,Wadmore",Cecilia|Wadmore|Wadmore,"Cecilia,Wadmore Cecilia|Wadmore|Wadmore"
"Gwendolyn,Landor",Gwendolyn|Landor|Landor,"Gwendolyn,Landor Gwendolyn|Landor|Landor"
"Olva,Rains",Olva|Rains|Rains,"Olva,Rains Olva|Rains|Rains"
"Maximilianus,Blamey",Maximilianus|Blamey|Blamey,"Maximilianus,Blamey Maximilianus|Blamey|Blamey"
"Laryssa,Cervantes",Laryssa|Cervantes|Cervantes,"Laryssa,Cervantes Laryssa|Cervantes|Cervantes"
"Drucill,Redier",Drucill|Redier|Redier,"Drucill,Redier Drucill|Redier|Redier"
"Carola,Postan",Carola|Postan|Postan,"Carola,Postan Carola|Postan|Postan"
"Rafael,Standbrook",Rafael|Standbrook|Standbrook,"Rafael,Standbrook Rafael|Standbrook|Standbrook"
"Britney,Hinrich",Britney|Hinrich|Hinrich,"Britney,Hinrich Britney|Hinrich|Hinrich"
"Tait,Gheerhaert",Tait|Gheerhaert|Gheerhaert,"Tait,Gheerhaert Tait|Gheerhaert|Gheerhaert"
"Peyter,Keedy",Peyter|Keedy|Keedy,"Peyter,Keedy Peyter|Keedy|Keedy"
"Korie,Chaplin",Korie|Chaplin|Chaplin,"Korie,Chaplin Korie|Chaplin|Chaplin"
"Arri,Heakins",Arri|Heakins|Heakins,"Arri,Heakins Arri|Heakins|Heakins"
"Alonzo,Firebrace",Alonzo|Firebrace|Firebrace,"Alonzo,Firebrace Alonzo|Firebrace|Firebrace"
"Chantal,Veel",Chantal|Veel|Veel,"Chantal,Veel Chantal|Veel|Veel"
"Alissa,Castellini",Alissa|Castellini|Castellini,"Alissa,Castellini Alissa|Castellini|Castellini"
"Daffy,Towey",Daffy|Towey|Towey,"Daffy,Towey Daffy|Towey|Towey"
"Felicity,Domm",Felicity|Domm|Domm,"Felicity,Domm Felicity|Domm|Domm"
"Denney,Checklin",Denney|Checklin|Checklin,"Denney,Checklin Denney|Checklin|Checklin"
"Clem,Chander",Clem|Chander|Chander,"Clem,Chander Clem|Chander|Chander"
"Grannie,Taborre",Grannie|Taborre|Taborre,"Grannie,Taborre Grannie|Taborre|Taborre"
"Latrina,Satteford",Latrina|Satteford|Satteford,"Latrina,Satteford Latrina|Satteford|Satteford"
"Colby,Moroney",Colby|Moroney|Moroney,"Colby,Moroney Colby|Moroney|Moroney"
"Madelon,De Cruze",Madelon|De Cruze|De Cruze,"Madelon,De Cruze Madelon|De Cruze|De Cruze"
"Susette,Kimmel",Susette|Kimmel|Kimmel,"Susette,Kimmel Susette|Kimmel|Kimmel"
"Carleton,Doohan",Carleton|Doohan|Doohan,"Carleton,Doohan Carleton|Doohan|Doohan"
"Weber,Szapiro",Weber|Szapiro|Szapiro,"Weber,Szapiro Weber|Szapiro|Szapiro"
"Lonnard,Habbert",Lonnard|Habbert|Habbert,"Lonnard,Habbert Lonnard|Habbert|Habbert"
"Jewelle,Lea",Jewelle|Lea|Lea,"Jewelle,Lea Jewelle|Lea|Lea"
"Dahlia,Thorouggood",Dahlia|Thorouggood|Thorouggood,"Dahlia,Thorouggood Dahlia|Thorouggood|Thorouggood"
"Wendy,Fradson",Wendy|Fradson|Fradson,"Wendy,Fradson Wendy|Fradson|Fradson"
"Obed,Mitchelmore",Obed|Mitchelmore|Mitchelmore,"Obed,Mitchelmore Obed|Mitchelmore|Mitchelmore"
"Babbette,Hackett",Babbette|Hackett|Hackett,"Babbette,Hackett Babbette|Hackett|Hackett"
"Bendick,Tylor",Bendick|Tylor|Tylor,"Bendick,Tylor Bendick|Tylor|Tylor"
"Catrina,Meneer",Catrina|Meneer|Meneer,"Catrina,Meneer Catrina|Meneer|Meneer"
"Irene,Halbard",Irene|Halbard|Halbard,"Irene,Halbard Irene|Halbard|Halbard"
"Mikel,Tease",Mikel|Tease|Tease,"Mikel,Tease Mikel|Tease|Tease"
"Marianne,Williams",Marianne|Williams|Williams,"Marianne,Williams Marianne|Williams|Williams"
"Gabbie,Whistance",Gabbie|Whistance|Whistance,"Gabbie,Whistance Gabbie|Whistance|Whistance"
"Lin,D'Onisi",Lin|D'Onisi|D'Onisi,"Lin,D'Onisi Lin|D'Onisi|D'Onisi"
"Dory,Kelsow",Dory|Kelsow|Kelsow,"Dory,Kelsow Dory|Kelsow|Kelsow"
"Rosy,Pickvance",Rosy|Pickvance|Pickvance,"Rosy,Pickvance Rosy|Pickvance|Pickvance"
"Nikolai,Prevett",Nikolai|Prevett|Prevett,"Nikolai,Prevett Nikolai|Prevett|Prevett"
"Verina,Koeppke",Verina|Koeppke|Koeppke,"Verina,Koeppke Verina|Koeppke|Koeppke"
"Tomaso,Shawcross",Tomaso|Shawcross|Shawcross,"Tomaso,Shawcross Tomaso|Shawcross|Shawcross"
"Myron,Stivers",Myron|Stivers|Stivers,"Myron,Stivers Myron|Stivers|Stivers"
"Nannette,Cardozo",Nannette|Cardozo|Cardozo,"Nannette,Cardozo Nannette|Cardozo|Cardozo"
"Humfrey,Spondley",Humfrey|Spondley|Spondley,"Humfrey,Spondley Humfrey|Spondley|Spondley"
"Pier,Lanaway",Pier|Lanaway|Lanaway,"Pier,Lanaway Pier|Lanaway|Lanaway"
"Brear,Soreau",Brear|Soreau|Soreau,"Brear,Soreau Brear|Soreau|Soreau"
"Ardath,Rayworth",Ardath|Rayworth|Rayworth,"Ardath,Rayworth Ardath|Rayworth|Rayworth"
"Korie,Klaiser",Korie|Klaiser|Klaiser,"Korie,Klaiser Korie|Klaiser|Klaiser"
"Celina,Vanyard",Celina|Vanyard|Vanyard,"Celina,Vanyard Celina|Vanyard|Vanyard"
"Cristiano,Hynam",Cristiano|Hynam|Hynam,"Cristiano,Hynam Cristiano|Hynam|Hynam"
"Cecile,Keasey",Cecile|Keasey|Keasey,"Cecile,Keasey Cecile|Keasey|Keasey"
"Karlotte,Kiloh",Karlotte|Kiloh|Kiloh,"Karlotte,Kiloh Karlotte|Kiloh|Kiloh"
"Odelle,Burde",Odelle|Burde|Burde,"Odelle,Burde Odelle|Burde|Burde"
"Fayth,Abbott",Fayth|Abbott|Abbott,"Fayth,Abbott Fayth|Abbott|Abbott"
"Gilbertine,Guppey",Gilbertine|Guppey|Guppey,"Gilbertine,Guppey Gilbertine|Guppey|Guppey"
"Mada,Keyden",Mada|Keyden|Keyden,"Mada,Keyden Mada|Keyden|Keyden"
"Ursa,Carah",Ursa|Carah|Carah,"Ursa,Carah Ursa|Carah|Carah"
"Tiler,Truluck",Tiler|Truluck|Truluck,"Tiler,Truluck Tiler|Truluck|Truluck"
"Sheffy,Rustich",Sheffy|Rustich|Rustich,"Sheffy,Rustich Sheffy|Rustich|Rustich"
"Jeff,Normanvell",Jeff|Normanvell|Normanvell,"Jeff,Normanvell Jeff|Normanvell|Normanvell"
"Dela,Mark",Dela|Mark|Mark,"Dela,Mark Dela|Mark|Mark"
"Gilligan,Rainsden",Gilligan|Rainsden|Rainsden,"Gilligan,Rainsden Gilligan|Rainsden|Rainsden"
"Rudd,Doul",Rudd|Doul|Doul,"Rudd,Doul Rudd|Doul|Doul"
"Reuven,Basler",Reuven|Basler|Basler,"Reuven,Basler Reuven|Basler|Basler"
"Zulema,Romanini",Zulema|Romanini|Romanini,"Zulema,Romanini Zulema|Romanini|Romanini"
"Mavis,Keoghan",Mavis|Keoghan|Keoghan,"Mavis,Keoghan Mavis|Keoghan|Keoghan"
"Gayler,Boobyer",Gayler|Boobyer|Boobyer,"Gayler,Boobyer Gayler|Boobyer|Boobyer"
"Forrest,Mc-Kerley",Forrest|Mc-Kerley|Mc-Kerley,"Forrest,Mc-Kerley Forrest|Mc-Kerley|Mc-Kerley"
"Mallory,Burry",Mallory|Burry|Burry,"Mallory,Burry Mallory|Burry|Burry"
"Hanson,McCome",Hanson|McCome|McCome,"Hanson,McCome Hanson|McCome|McCome"
"Chaim,Pellett",Chaim|Pellett|Pellett,"Chaim,Pellett Chaim|Pellett|Pellett"
"Peg,Presman",Peg|Presman|Presman,"Peg,Presman Peg|Presman|Presman"
"Salmon,Scyner",Salmon|Scyner|Scyner,"Salmon,Scyner Salmon|Scyner|Scyner"
"Rhoda,Cavalier",Rhoda|Cavalier|Cavalier,"Rhoda,Cavalier Rhoda|Cavalier|Cavalier"
"Deerdre,Moberley",Deerdre|Moberley|Moberley,"Deerdre,Moberley Deerdre|Moberley|Moberley"
"Aggi,Orgen",Aggi|Orgen|Orgen,"Aggi,Orgen Aggi|Orgen|Orgen"
"Timotheus,Stansbury",Timotheus|Stansbury|Stansbury,"Timotheus,Stansbury Timotheus|Stansbury|Stansbury"
"Grata,Shillito",Grata|Shillito|Shillito,"Grata,Shillito Grata|Shillito|Shillito"
"Hermie,Davidescu",Hermie|Davidescu|Davidescu,"Hermie,Davidescu Hermie|Davidescu|Davidescu"
"Bank,Agg",Bank|Agg|Agg,"Bank,Agg Bank|Agg|Agg"
"Fitzgerald,Brittoner",Fitzgerald|Brittoner|Brittoner,"Fitzgerald,Brittoner Fitzgerald|Brittoner|Brittoner"
"Anastasie,Pantecost",Anastasie|Pantecost|Pantecost,"Anastasie,Pantecost Anastasie|Pantecost|Pantecost"
"Benn,Nutley",Benn|Nutley|Nutley,"Benn,Nutley Benn|Nutley|Nutley"
"Artemus,Skelcher",Artemus|Skelcher|Skelcher,"Artemus,Skelcher Artemus|Skelcher|Skelcher"
"Kath,Dutteridge",Kath|Dutteridge|Dutteridge,"Kath,Dutteridge Kath|Dutteridge|Dutteridge"
"Susy,Perocci",Susy|Perocci|Perocci,"Susy,Perocci Susy|Perocci|Perocci"
"Berthe,Rapley",Berthe|Rapley|Rapley,"Berthe,Rapley Berthe|Rapley|Rapley"
"Brad,Frear",Brad|Frear|Frear,"Brad,Frear Brad|Frear|Frear"
"Miguela,Towhey",Miguela|Towhey|Towhey,"Miguela,Towhey Miguela|Towhey|Towhey"
"Genevra,Lightowler",Genevra|Lightowler|Lightowler,"Genevra,Lightowler Genevra|Lightowler|Lightowler"
"Niven,Toynbee",Niven|Toynbee|Toynbee,"Niven,Toynbee Niven|Toynbee|Toynbee"
"Gayle,Byrd",Gayle|Byrd|Byrd,"Gayle,Byrd Gayle|Byrd|Byrd"
"Nettie,Shackell",Nettie|Shackell|Shackell,"Nettie,Shackell Nettie|Shackell|Shackell"
"Shem,Dobbing",Shem|Dobbing|Dobbing,"Shem,Dobbing Shem|Dobbing|Dobbing"
"Sloane,Judkins",Sloane|Judkins|Judkins,"Sloane,Judkins Sloane|Judkins|Judkins"
"Phil,Semiras",Phil|Semiras|Semiras,"Phil,Semiras Phil|Semiras|Semiras"
"Janeczka,Youings",Janeczka|Youings|Youings,"Janeczka,Youings Janeczka|Youings|Youings"
"Forrester,Reedie",Forrester|Reedie|Reedie,"Forrester,Reedie Forrester|Reedie|Reedie"
"Curtice,Fenny",Curtice|Fenny|Fenny,"Curtice,Fenny Curtice|Fenny|Fenny"
"Merill,Burel",Merill|Burel|Burel,"Merill,Burel Merill|Burel|Burel"
"Kathleen,Gammidge",Kathleen|Gammidge|Gammidge,"Kathleen,Gammidge Kathleen|Gammidge|Gammidge"
"Chloette,Cable",Chloette|Cable|Cable,"Chloette,Cable Chloette|Cable|Cable"
"Bernice,Watman",Bernice|Watman|Watman,"Bernice,Watman Bernice|Watman|Watman"
"Darya,Gaymar",Darya|Gaymar|Gaymar,"Darya,Gaymar Darya|Gaymar|Gaymar"
"Chilton,Penhall",Chilton|Penhall|Penhall,"Chilton,Penhall Chilton|Penhall|Penhall"
"Tessie,Vardie",Tessie|Vardie|Vardie,"Tessie,Vardie Tessie|Vardie|Vardie"
"Jimmy,Hazlehurst",Jimmy|Hazlehurst|Hazlehurst,"Jimmy,Hazlehurst Jimmy|Hazlehurst|Hazlehurst"
"Margery,Kelshaw",Margery|Kelshaw|Kelshaw,"Margery,Kelshaw Margery|Kelshaw|Kelshaw"
"Free,Maren",Free|Maren|Maren,"Free,Maren Free|Maren|Maren"
"Peterus,Bogie",Peterus|Bogie|Bogie,"Peterus,Bogie Peterus|Bogie|Bogie"
"Dorry,Dunn",Dorry|Dunn|Dunn,"Dorry,Dunn Dorry|Dunn|Dunn"
"Des,Order",Des|Order|Order,"Des,Order Des|Order|Order"
"Catharina,Strong",Catharina|Strong|Strong,"Catharina,Strong Catharina|Strong|Strong"
"Esmeralda,Baysting",Esmeralda|Baysting|Baysting,"Esmeralda,Baysting Esmeralda|Baysting|Baysting"
"Horatius,Buswell",Horatius|Buswell|Buswell,"Horatius,Buswell Horatius|Buswell|Buswell"
"Fallon,Lethbury",Fallon|Lethbury|Lethbury,"Fallon,Lethbury Fallon|Lethbury|Lethbury"
"Cybil,Poon",Cybil|Poon|Poon,"Cybil,Poon Cybil|Poon|Poon"
"Graham,Beringer",Graham|Beringer|Beringer,"Graham,Beringer Graham|Beringer|Beringer"
"Barris,Soans",Barris|Soans|Soans,"Barris,Soans Barris|Soans|Soans"
"Ruthe,Alfuso",Ruthe|Alfuso|Alfuso,"Ruthe,Alfuso Ruthe|Alfuso|Alfuso"
"Bryon,Le Bosse",Bryon|Le Bosse|Le Bosse,"Bryon,Le Bosse Bryon|Le Bosse|Le Bosse"
"Markus,Middis",Markus|Middis|Middis,"Markus,Middis Markus|Middis|Middis"
"Berenice,Dillinger",Berenice|Dillinger|Dillinger,"Berenice,Dillinger Berenice|Dillinger|Dillinger"
"Donnie,Batkin",Donnie|Batkin|Batkin,"Donnie,Batkin Donnie|Batkin|Batkin"
"Morris,Ensley",Morris|Ensley|Ensley,"Morris,Ensley Morris|Ensley|Ensley"
"Werner,Whitby",Werner|Whitby|Whitby,"Werner,Whitby Werner|Whitby|Whitby"
"Lindi,Stanger",Lindi|Stanger|Stanger,"Lindi,Stanger Lindi|Stanger|Stanger"
"Murdock,Ciepluch",Murdock|Ciepluch|Ciepluch,"Murdock,Ciepluch Murdock|Ciepluch|Ciepluch"
"Kalil,Mac",Kalil|Mac|Mac,"Kalil,Mac Kalil|Mac|Mac"
"Lutero,Hardbattle",Lutero|Hardbattle|Hardbattle,"Lutero,Hardbattle Lutero|Hardbattle|Hardbattle"
"Torey,Annice",Torey|Annice|Annice,"Torey,Annice Torey|Annice|Annice"
"Paulie,Haydney",Paulie|Haydney|Haydney,"Paulie,Haydney Paulie|Haydney|Haydney"
"Onofredo,Eltune",Onofredo|Eltune|Eltune,"Onofredo,Eltune Onofredo|Eltune|Eltune"
"Livvie,Danilyuk",Livvie|Danilyuk|Danilyuk,"Livvie,Danilyuk Livvie|Danilyuk|Danilyuk"
"Cecilius,Antic",Cecilius|Antic|Antic,"Cecilius,Antic Cecilius|Antic|Antic"
"Rey,Antuoni",Rey|Antuoni|Antuoni,"Rey,Antuoni Rey|Antuoni|Antuoni"
"Christie,Muselli",Christie|Muselli|Muselli,"Christie,Muselli Christie|Muselli|Muselli"
"Katlin,Pendrid",Katlin|Pendrid|Pendrid,"Katlin,Pendrid Katlin|Pendrid|Pendrid"
"Rose,Dobson",Rose|Dobson|Dobson,"Rose,Dobson Rose|Dobson|Dobson"
"Moss,Elam",Moss|Elam|Elam,"Moss,Elam Moss|Elam|Elam"
"Margi,Leman",Margi|Leman|Leman,"Margi,Leman Margi|Leman|Leman"
"Barri,Genthner",Barri|Genthner|Genthner,"Barri,Genthner Barri|Genthner|Genthner"
"Margaux,Bowler",Margaux|Bowler|Bowler,"Margaux,Bowler Margaux|Bowler|Bowler"
"Andriana,Antonich",Andriana|Antonich|Antonich,"Andriana,Antonich Andriana|Antonich|Antonich"
"Cassie,Fliege",Cassie|Fliege|Fliege,"Cassie,Fliege Cassie|Fliege|Fliege"
"Lon,Collier",Lon|Collier|Collier,"Lon,Collier Lon|Collier|Collier"
"Patience,Scoggan",Patience|Scoggan|Scoggan,"Patience,Scoggan Patience|Scoggan|Scoggan"
"Latrina,Fortnon",Latrina|Fortnon|Fortnon,"Latrina,Fortnon Latrina|Fortnon|Fortnon"
"Aylmar,Bromige",Aylmar|Bromige|Bromige,"Aylmar,Bromige Aylmar|Bromige|Bromige"
"Waylin,Davinet",Waylin|Davinet|Davinet,"Waylin,Davinet Waylin|Davinet|Davinet"
"Daron,Summerscales",Daron|Summerscales|Summerscales,"Daron,Summerscales Daron|Summerscales|Summerscales"
"Briggs,Cawcutt",Briggs|Cawcutt|Cawcutt,"Briggs,Cawcutt Briggs|Cawcutt|Cawcutt"
"Paxon,Knowlson",Paxon|Knowlson|Knowlson,"Paxon,Knowlson Paxon|Knowlson|Knowlson"
"Palm,Claypool",Palm|Claypool|Claypool,"Palm,Claypool Palm|Claypool|Claypool"
"Candace,Fortman",Candace|Fortman|Fortman,"Candace,Fortman Candace|Fortman|Fortman"
"Tony,Honnicott",Tony|Honnicott|Honnicott,"Tony,Honnicott Tony|Honnicott|Honnicott"
"Junie,Aiken",Junie|Aiken|Aiken,"Junie,Aiken Junie|Aiken|Aiken"
"Daniele,De Castri",Daniele|De Castri|De Castri,"Daniele,De Castri Daniele|De Castri|De Castri"
"Susanne,Jeandon",Susanne|Jeandon|Jeandon,"Susanne,Jeandon Susanne|Jeandon|Jeandon"
"Melicent,Picott",Melicent|Picott|Picott,"Melicent,Picott Melicent|Picott|Picott"
"Boniface,Lindmark",Boniface|Lindmark|Lindmark,"Boniface,Lindmark Boniface|Lindmark|Lindmark"
"Ottilie,Starbeck",Ottilie|Starbeck|Starbeck,"Ottilie,Starbeck Ottilie|Starbeck|Starbeck"
"Inna,Gini",Inna|Gini|Gini,"Inna,Gini Inna|Gini|Gini"
"Melloney,Tewnion",Melloney|Tewnion|Tewnion,"Melloney,Tewnion Melloney|Tewnion|Tewnion"
"Hildagarde,Senn",Hildagarde|Senn|Senn,"Hildagarde,Senn Hildagarde|Senn|Senn"
"Barron,Lambertz",Barron|Lambertz|Lambertz,"Barron,Lambertz Barron|Lambertz|Lambertz"
"Ev,Broschke",Ev|Broschke|Broschke,"Ev,Broschke Ev|Broschke|Broschke"
"Sherwynd,O' Dooley",Sherwynd|O' Dooley|O' Dooley,"Sherwynd,O' Dooley Sherwynd|O' Dooley|O' Dooley"
"Emlynne,Coughlan",Emlynne|Coughlan|Coughlan,"Emlynne,Coughlan Emlynne|Coughlan|Coughlan"
"Inglis,Bangley",Inglis|Bangley|Bangley,"Inglis,Bangley Inglis|Bangley|Bangley"
"Shelly,Minchindon",Shelly|Minchindon|Minchindon,"Shelly,Minchindon Shelly|Minchindon|Minchindon"
"Whitman,Mayell",Whitman|Mayell|Mayell,"Whitman,Mayell Whitman|Mayell|Mayell"
"Sherwin,Fedorchenko",Sherwin|Fedorchenko|Fedorchenko,"Sherwin,Fedorchenko Sherwin|Fedorchenko|Fedorchenko"
"Jeffry,Petrazzi",Jeffry|Petrazzi|Petrazzi,"Jeffry,Petrazzi Jeffry|Petrazzi|Petrazzi"
"Nikola,Cranston",Nikola|Cranston|Cranston,"Nikola,Cranston Nikola|Cranston|Cranston"
"Bord,Kevlin",Bord|Kevlin|Kevlin,"Bord,Kevlin Bord|Kevlin|Kevlin"
"Isabelita,Cherrington",Isabelita|Cherrington|Cherrington,"Isabelita,Cherrington Isabelita|Cherrington|Cherrington"
"Aube,Warsap",Aube|Warsap|Warsap,"Aube,Warsap Aube|Warsap|Warsap"
"Currie,Hann",Currie|Hann|Hann,"Currie,Hann Currie|Hann|Hann"
"Bay,O'Halligan",Bay|O'Halligan|O'Halligan,"Bay,O'Halligan Bay|O'Halligan|O'Halligan"
"Myra,Walbrook",Myra|Walbrook|Walbrook,"Myra,Walbrook Myra|Walbrook|Walbrook"
"Archibald,Cleverly",Archibald|Cleverly|Cleverly,"Archibald,Cleverly Archibald|Cleverly|Cleverly"
"Dalston,Bruhnicke",Dalston|Bruhnicke|Bruhnicke,"Dalston,Bruhnicke Dalston|Bruhnicke|Bruhnicke"
"Mathilda,Riddett",Mathilda|Riddett|Riddett,"Mathilda,Riddett Mathilda|Riddett|Riddett"
"Sheridan,Rands",Sheridan|Rands|Rands,"Sheridan,Rands Sheridan|Rands|Rands"
"Virginia,Blunn",Virginia|Blunn|Blunn,"Virginia,Blunn Virginia|Blunn|Blunn"
"Skipper,Riatt",Skipper|Riatt|Riatt,"Skipper,Riatt Skipper|Riatt|Riatt"
"Bordie,Garioch",Bordie|Garioch|Garioch,"Bordie,Garioch Bordie|Garioch|Garioch"
"Chuck,Doman",Chuck|Doman|Doman,"Chuck,Doman Chuck|Doman|Doman"
"Miller,Hudghton",Miller|Hudghton|Hudghton,"Miller,Hudghton Miller|Hudghton|Hudghton"
"Mollee,Bravery",Mollee|Bravery|Bravery,"Mollee,Bravery Mollee|Bravery|Bravery"
"Skipper,Raincin",Skipper|Raincin|Raincin,"Skipper,Raincin Skipper|Raincin|Raincin"
"Susann,Iowarch",Susann|Iowarch|Iowarch,"Susann,Iowarch Susann|Iowarch|Iowarch"
"Renelle,Kleinhausen",Renelle|Kleinhausen|Kleinhausen,"Renelle,Kleinhausen Renelle|Kleinhausen|Kleinhausen"
"Berte,Van den Hof",Berte|Van den Hof|Van den Hof,"Berte,Van den Hof Berte|Van den Hof|Van den Hof"
"Willa,Cheers",Willa|Cheers|Cheers,"Willa,Cheers Willa|Cheers|Cheers"
"Gisele,Shakesby",Gisele|Shakesby|Shakesby,"Gisele,Shakesby Gisele|Shakesby|Shakesby"
"Stephana,Darlaston",Stephana|Darlaston|Darlaston,"Stephana,Darlaston Stephana|Darlaston|Darlaston"
"Salim,Blyth",Salim|Blyth|Blyth,"Salim,Blyth Salim|Blyth|Blyth"
"Kevyn,Giddins",Kevyn|Giddins|Giddins,"Kevyn,Giddins Kevyn|Giddins|Giddins"
"Jourdain,Clewarth",Jourdain|Clewarth|Clewarth,"Jourdain,Clewarth Jourdain|Clewarth|Clewarth"
"Kris,Branston",Kris|Branston|Branston,"Kris,Branston Kris|Branston|Branston"
"Seamus,Demogeot",Seamus|Demogeot|Demogeot,"Seamus,Demogeot Seamus|Demogeot|Demogeot"
"Rupert,Cooney",Rupert|Cooney|Cooney,"Rupert,Cooney Rupert|Cooney|Cooney"
"Alvira,Coiley",Alvira|Coiley|Coiley,"Alvira,Coiley Alvira|Coiley|Coiley"
"Morrie,Maine",Morrie|Maine|Maine,"Morrie,Maine Morrie|Maine|Maine"
"Katuscha,Goodday",Katuscha|Goodday|Goodday,"Katuscha,Goodday Katuscha|Goodday|Goodday"
"Vincenz,Blas",Vincenz|Blas|Blas,"Vincenz,Blas Vincenz|Blas|Blas"
"Conn,Radloff",Conn|Radloff|Radloff,"Conn,Radloff Conn|Radloff|Radloff"
"Pam,Snoddy",Pam|Snoddy|Snoddy,"Pam,Snoddy Pam|Snoddy|Snoddy"
"Ebonee,Martinelli",Ebonee|Martinelli|Martinelli,"Ebonee,Martinelli Ebonee|Martinelli|Martinelli"
"Quinton,Stoodale",Quinton|Stoodale|Stoodale,"Quinton,Stoodale Quinton|Stoodale|Stoodale"
"Giffard,Gosselin",Giffard|Gosselin|Gosselin,"Giffard,Gosselin Giffard|Gosselin|Gosselin"
"Johann,Burbridge",Johann|Burbridge|Burbridge,"Johann,Burbridge Johann|Burbridge|Burbridge"
"Marcia,Brogi",Marcia|Brogi|Brogi,"Marcia,Brogi Marcia|Brogi|Brogi"
"Andrew,Becarra",Andrew|Becarra|Becarra,"Andrew,Becarra Andrew|Becarra|Becarra"
"Rudolf,Yanov",Rudolf|Yanov|Yanov,"Rudolf,Yanov Rudolf|Yanov|Yanov"
"Wileen,Deaves",Wileen|Deaves|Deaves,"Wileen,Deaves Wileen|Deaves|Deaves"
"Morris,Creed",Morris|Creed|Creed,"Morris,Creed Morris|Creed|Creed"
"Guy,Pitcher",Guy|Pitcher|Pitcher,"Guy,Pitcher Guy|Pitcher|Pitcher"
"Georg,Gascoyen",Georg|Gascoyen|Gascoyen,"Georg,Gascoyen Georg|Gascoyen|Gascoyen"
"Costa,Kindred",Costa|Kindred|Kindred,"Costa,Kindred Costa|Kindred|Kindred"
"Kiersten,Scolland",Kiersten|Scolland|Scolland,"Kiersten,Scolland Kiersten|Scolland|Scolland"
"Edyth,Brabender",Edyth|Brabender|Brabender,"Edyth,Brabender Edyth|Brabender|Brabender"
"Ulrike,Damper",Ulrike|Damper|Damper,"Ulrike,Damper Ulrike|Damper|Damper"
"Vanya,Atty",Vanya|Atty|Atty,"Vanya,Atty Vanya|Atty|Atty"
"Braden,Segeswoeth",Braden|Segeswoeth|Segeswoeth,"Braden,Segeswoeth Braden|Segeswoeth|Segeswoeth"
"Charmine,Mansion",Charmine|Mansion|Mansion,"Charmine,Mansion Charmine|Mansion|Mansion"
"Britni,Blais",Britni|Blais|Blais,"Britni,Blais Britni|Blais|Blais"
"Dannie,Andrewartha",Dannie|Andrewartha|Andrewartha,"Dannie,Andrewartha Dannie|Andrewartha|Andrewartha"
"Dorita,Willimott",Dorita|Willimott|Willimott,"Dorita,Willimott Dorita|Willimott|Willimott"
"Ginger,Sprague",Ginger|Sprague|Sprague,"Ginger,Sprague Ginger|Sprague|Sprague"
"Bennie,Thurlow",Bennie|Thurlow|Thurlow,"Bennie,Thurlow Bennie|Thurlow|Thurlow"
"Markos,Rigden",Markos|Rigden|Rigden,"Markos,Rigden Markos|Rigden|Rigden"
"Elysha,Graeser",Elysha|Graeser|Graeser,"Elysha,Graeser Elysha|Graeser|Graeser"
"Sherm,Cronchey",Sherm|Cronchey|Cronchey,"Sherm,Cronchey Sherm|Cronchey|Cronchey"
"Ware,Orviss",Ware|Orviss|Orviss,"Ware,Orviss Ware|Orviss|Orviss"
"Tony,Jentgens",Tony|Jentgens|Jentgens,"Tony,Jentgens Tony|Jentgens|Jentgens"
"Dennis,Wanley",Dennis|Wanley|Wanley,"Dennis,Wanley Dennis|Wanley|Wanley"
"Huntlee,Mattei",Huntlee|Mattei|Mattei,"Huntlee,Mattei Huntlee|Mattei|Mattei"
"Byrle,Wickins",Byrle|Wickins|Wickins,"Byrle,Wickins Byrle|Wickins|Wickins"
"Lise,Pedrol",Lise|Pedrol|Pedrol,"Lise,Pedrol Lise|Pedrol|Pedrol"
"Mendel,Sayce",Mendel|Sayce|Sayce,"Mendel,Sayce Mendel|Sayce|Sayce"
"Vale,Clappson",Vale|Clappson|Clappson,"Vale,Clappson Vale|Clappson|Clappson"
"Tana,McGannon",Tana|McGannon|McGannon,"Tana,McGannon Tana|McGannon|McGannon"
"Charla,Kopisch",Charla|Kopisch|Kopisch,"Charla,Kopisch Charla|Kopisch|Kopisch"
"Zonnya,Petruk",Zonnya|Petruk|Petruk,"Zonnya,Petruk Zonnya|Petruk|Petruk"
"Annora,Whittall",Annora|Whittall|Whittall,"Annora,Whittall Annora|Whittall|Whittall"
"Arley,Felipe",Arley|Felipe|Felipe,"Arley,Felipe Arley|Felipe|Felipe"
"Rusty,Murthwaite",Rusty|Murthwaite|Murthwaite,"Rusty,Murthwaite Rusty|Murthwaite|Murthwaite"
"Eugene,Eingerfield",Eugene|Eingerfield|Eingerfield,"Eugene,Eingerfield Eugene|Eingerfield|Eingerfield"
"Irwinn,Flott",Irwinn|Flott|Flott,"Irwinn,Flott Irwinn|Flott|Flott"
"Vikki,Wordley",Vikki|Wordley|Wordley,"Vikki,Wordley Vikki|Wordley|Wordley"
"Jon,Catherine",Jon|Catherine|Catherine,"Jon,Catherine Jon|Catherine|Catherine"
"Samantha,Donahue",Samantha|Donahue|Donahue,"Samantha,Donahue Samantha|Donahue|Donahue"
"Matty,Fernanando",Matty|Fernanando|Fernanando,"Matty,Fernanando Matty|Fernanando|Fernanando"
"Tommy,Kardos",Tommy|Kardos|Kardos,"Tommy,Kardos Tommy|Kardos|Kardos"
"Shellie,Akhurst",Shellie|Akhurst|Akhurst,"Shellie,Akhurst Shellie|Akhurst|Akhurst"
"Harley,Marking",Harley|Marking|Marking,"Harley,Marking Harley|Marking|Marking"
"Monte,Saywood",Monte|Saywood|Saywood,"Monte,Saywood Monte|Saywood|Saywood"
"Freida,Poge",Freida|Poge|Poge,"Freida,Poge Freida|Poge|Poge"
"Hynda,Shee",Hynda|Shee|Shee,"Hynda,Shee Hynda|Shee|Shee"
"Rodina,Hansod",Rodina|Hansod|Hansod,"Rodina,Hansod Rodina|Hansod|Hansod"
"Eugenio,Camplen",Eugenio|Camplen|Camplen,"Eugenio,Camplen Eugenio|Camplen|Camplen"
"Northrop,Moralee",Northrop|Moralee|Moralee,"Northrop,Moralee Northrop|Moralee|Moralee"
"Chickie,Imbrey",Chickie|Imbrey|Imbrey,"Chickie,Imbrey Chickie|Imbrey|Imbrey"
"Diandra,Bleacher",Diandra|Bleacher|Bleacher,"Diandra,Bleacher Diandra|Bleacher|Bleacher"
"Faustina,Downey",Faustina|Downey|Downey,"Faustina,Downey Faustina|Downey|Downey"
"Almeda,Crellim",Almeda|Crellim|Crellim,"Almeda,Crellim Almeda|Crellim|Crellim"
"Sula,Clissell",Sula|Clissell|Clissell,"Sula,Clissell Sula|Clissell|Clissell"
"Lauralee,Lawlee",Lauralee|Lawlee|Lawlee,"Lauralee,Lawlee Lauralee|Lawlee|Lawlee"
"Morgan,Jeannet",Morgan|Jeannet|Jeannet,"Morgan,Jeannet Morgan|Jeannet|Jeannet"
"Gorden,Feasley",Gorden|Feasley|Feasley,"Gorden,Feasley Gorden|Feasley|Feasley"
"Leonhard,Dymocke",Leonhard|Dymocke|Dymocke,"Leonhard,Dymocke Leonhard|Dymocke|Dymocke"
"Krishna,Shevlane",Krishna|Shevlane|Shevlane,"Krishna,Shevlane Krishna|Shevlane|Shevlane"
"Glynn,Patullo",Glynn|Patullo|Patullo,"Glynn,Patullo Glynn|Patullo|Patullo"
"Hyacintha,Vinden",Hyacintha|Vinden|Vinden,"Hyacintha,Vinden Hyacintha|Vinden|Vinden"
"Horatio,Twinning",Horatio|Twinning|Twinning,"Horatio,Twinning Horatio|Twinning|Twinning"
"Myrle,O'Doireidh",Myrle|O'Doireidh|O'Doireidh,"Myrle,O'Doireidh Myrle|O'Doireidh|O'Doireidh"
"Vincenz,Lishman",Vincenz|Lishman|Lishman,"Vincenz,Lishman Vincenz|Lishman|Lishman"
"Josephina,Waker",Josephina|Waker|Waker,"Josephina,Waker Josephina|Waker|Waker"
"Carmelita,Pocklington",Carmelita|Pocklington|Pocklington,"Carmelita,Pocklington Carmelita|Pocklington|Pocklington"
"Mariejeanne,Ternott",Mariejeanne|Ternott|Ternott,"Mariejeanne,Ternott Mariejeanne|Ternott|Ternott"
"Blinny,Tineman",Blinny|Tineman|Tineman,"Blinny,Tineman Blinny|Tineman|Tineman"
"Keary,Juden",Keary|Juden|Juden,"Keary,Juden Keary|Juden|Juden"
"Grier,Waller-Bridge",Grier|Waller-Bridge|Waller-Bridge,"Grier,Waller-Bridge Grier|Waller-Bridge|Waller-Bridge"
"Rosina,Hendrikse",Rosina|Hendrikse|Hendrikse,"Rosina,Hendrikse Rosina|Hendrikse|Hendrikse"
"Daniel,Shulem",Daniel|Shulem|Shulem,"Daniel,Shulem Daniel|Shulem|Shulem"
"Pearle,Haggerston",Pearle|Haggerston|Haggerston,"Pearle,Haggerston Pearle|Haggerston|Haggerston"
"Mallorie,English",Mallorie|English|English,"Mallorie,English Mallorie|English|English"
"Nicola,Trusdale",Nicola|Trusdale|Trusdale,"Nicola,Trusdale Nicola|Trusdale|Trusdale"
"Bone,Espine",Bone|Espine|Espine,"Bone,Espine Bone|Espine|Espine"
"Darlleen,Rubinovici",Darlleen|Rubinovici|Rubinovici,"Darlleen,Rubinovici Darlleen|Rubinovici|Rubinovici"
"Emilio,Tumber",Emilio|Tumber|Tumber,"Emilio,Tumber Emilio|Tumber|Tumber"
"Roddy,Bohea",Roddy|Bohea|Bohea,"Roddy,Bohea Roddy|Bohea|Bohea"
"Carri,Smitten",Carri|Smitten|Smitten,"Carri,Smitten Carri|Smitten|Smitten"
"Jewell,Andriulis",Jewell|Andriulis|Andriulis,"Jewell,Andriulis Jewell|Andriulis|Andriulis"
"Tito,Eland",Tito|Eland|Eland,"Tito,Eland Tito|Eland|Eland"
"Arman,Hargess",Arman|Hargess|Hargess,"Arman,Hargess Arman|Hargess|Hargess"
"Sibyl,Bernardinelli",Sibyl|Bernardinelli|Bernardinelli,"Sibyl,Bernardinelli Sibyl|Bernardinelli|Bernardinelli"
"Rolando,Barrows",Rolando|Barrows|Barrows,"Rolando,Barrows Rolando|Barrows|Barrows"
"Rachel,Tadd",Rachel|Tadd|Tadd,"Rachel,Tadd Rachel|Tadd|Tadd"
"Shanda,Espy",Shanda|Espy|Espy,"Shanda,Espy Shanda|Espy|Espy"
"Isidore,Anthona",Isidore|Anthona|Anthona,"Isidore,Anthona Isidore|Anthona|Anthona"
"Kirby,Sollon",Kirby|Sollon|Sollon,"Kirby,Sollon Kirby|Sollon|Sollon"
"Kerrin,Picton",Kerrin|Picton|Picton,"Kerrin,Picton Kerrin|Picton|Picton"
"Gabbie,Sarah",Gabbie|Sarah|Sarah,"Gabbie,Sarah Gabbie|Sarah|Sarah"
"Idell,Thunnercliffe",Idell|Thunnercliffe|Thunnercliffe,"Idell,Thunnercliffe Idell|Thunnercliffe|Thunnercliffe"
"Brett,Howe",Brett|Howe|Howe,"Brett,Howe Brett|Howe|Howe"
"Benoite,Webburn",Benoite|Webburn|Webburn,"Benoite,Webburn Benoite|Webburn|Webburn"
"Madelon,Deguara",Madelon|Deguara|Deguara,"Madelon,Deguara Madelon|Deguara|Deguara"
"Wandis,Muat",Wandis|Muat|Muat,"Wandis,Muat Wandis|Muat|Muat"
"Odette,Cockshut",Odette|Cockshut|Cockshut,"Odette,Cockshut Odette|Cockshut|Cockshut"
"Randa,Brotherton",Randa|Brotherton|Brotherton,"Randa,Brotherton Randa|Brotherton|Brotherton"
"Washington,Finders",Washington|Finders|Finders,"Washington,Finders Washington|Finders|Finders"
"Lita,Algar",Lita|Algar|Algar,"Lita,Algar Lita|Algar|Algar"
"Maud,Catonne",Maud|Catonne|Catonne,"Maud,Catonne Maud|Catonne|Catonne"
"Loleta,Pedrazzi",Loleta|Pedrazzi|Pedrazzi,"Loleta,Pedrazzi Loleta|Pedrazzi|Pedrazzi"
"Humberto,Cornell",Humberto|Cornell|Cornell,"Humberto,Cornell Humberto|Cornell|Cornell"
"Lanni,Doutch",Lanni|Doutch|Doutch,"Lanni,Doutch Lanni|Doutch|Doutch"
"Dredi,Greenly",Dredi|Greenly|Greenly,"Dredi,Greenly Dredi|Greenly|Greenly"
"Christoforo,Heaslip",Christoforo|Heaslip|Heaslip,"Christoforo,Heaslip Christoforo|Heaslip|Heaslip"
"Thekla,Kendle",Thekla|Kendle|Kendle,"Thekla,Kendle Thekla|Kendle|Kendle"
"Aveline,Millhouse",Aveline|Millhouse|Millhouse,"Aveline,Millhouse Aveline|Millhouse|Millhouse"
"Emelita,Francey",Emelita|Francey|Francey,"Emelita,Francey Emelita|Francey|Francey"
"Alikee,Fibbitts",Alikee|Fibbitts|Fibbitts,"Alikee,Fibbitts Alikee|Fibbitts|Fibbitts"
"Rachael,Critchard",Rachael|Critchard|Critchard,"Rachael,Critchard Rachael|Critchard|Critchard"
"Douglass,Conn",Douglass|Conn|Conn,"Douglass,Conn Douglass|Conn|Conn"
"Nonie,Stevani",Nonie|Stevani|Stevani,"Nonie,Stevani Nonie|Stevani|Stevani"
"Craig,Sisse",Craig|Sisse|Sisse,"Craig,Sisse Craig|Sisse|Sisse"
"Hal,Deighan",Hal|Deighan|Deighan,"Hal,Deighan Hal|Deighan|Deighan"
"Olympia,Sainsbury",Olympia|Sainsbury|Sainsbury,"Olympia,Sainsbury Olympia|Sainsbury|Sainsbury"
"Clare,Hanny",Clare|Hanny|Hanny,"Clare,Hanny Clare|Hanny|Hanny"
"Reube,Feldmark",Reube|Feldmark|Feldmark,"Reube,Feldmark Reube|Feldmark|Feldmark"
"Cornie,Wainscoat",Cornie|Wainscoat|Wainscoat,"Cornie,Wainscoat Cornie|Wainscoat|Wainscoat"
"Fleming,Hairon",Fleming|Hairon|Hairon,"Fleming,Hairon Fleming|Hairon|Hairon"
"Conrade,Letteresse",Conrade|Letteresse|Letteresse,"Conrade,Letteresse Conrade|Letteresse|Letteresse"
"Kyrstin,Hunstone",Kyrstin|Hunstone|Hunstone,"Kyrstin,Hunstone Kyrstin|Hunstone|Hunstone"
"Linn,Garbutt",Linn|Garbutt|Garbutt,"Linn,Garbutt Linn|Garbutt|Garbutt"
"Rosella,Bukac",Rosella|Bukac|Bukac,"Rosella,Bukac Rosella|Bukac|Bukac"
"Byrann,Brodeur",Byrann|Brodeur|Brodeur,"Byrann,Brodeur Byrann|Brodeur|Brodeur"
"Clair,Fazzioli",Clair|Fazzioli|Fazzioli,"Clair,Fazzioli Clair|Fazzioli|Fazzioli"
"Lacee,Skace",Lacee|Skace|Skace,"Lacee,Skace Lacee|Skace|Skace"
"Kelcey,Greenrodd",Kelcey|Greenrodd|Greenrodd,"Kelcey,Greenrodd Kelcey|Greenrodd|Greenrodd"
"Holt,Purton",Holt|Purton|Purton,"Holt,Purton Holt|Purton|Purton"
"Marchall,Puckinghorne",Marchall|Puckinghorne|Puckinghorne,"Marchall,Puckinghorne Marchall|Puckinghorne|Puckinghorne"
"Elladine,Casiero",Elladine|Casiero|Casiero,"Elladine,Casiero Elladine|Casiero|Casiero"
"Robinia,Laffling",Robinia|Laffling|Laffling,"Robinia,Laffling Robinia|Laffling|Laffling"
"Bourke,Overlow",Bourke|Overlow|Overlow,"Bourke,Overlow Bourke|Overlow|Overlow"
"Cornela,Lattey",Cornela|Lattey|Lattey,"Cornela,Lattey Cornela|Lattey|Lattey"
"Zola,Gwilliam",Zola|Gwilliam|Gwilliam,"Zola,Gwilliam Zola|Gwilliam|Gwilliam"
"Mose,Cashman",Mose|Cashman|Cashman,"Mose,Cashman Mose|Cashman|Cashman"
"Dudley,Fergyson",Dudley|Fergyson|Fergyson,"Dudley,Fergyson Dudley|Fergyson|Fergyson"
"Celle,Humbles",Celle|Humbles|Humbles,"Celle,Humbles Celle|Humbles|Humbles"
"Salomo,Jado",Salomo|Jado|Jado,"Salomo,Jado Salomo|Jado|Jado"
"Celina,Runsey",Celina|Runsey|Runsey,"Celina,Runsey Celina|Runsey|Runsey"
"Garey,McArte",Garey|McArte|McArte,"Garey,McArte Garey|McArte|McArte"
"Brent,Lessmare",Brent|Lessmare|Lessmare,"Brent,Lessmare Brent|Lessmare|Lessmare"
"Vladimir,Ugolini",Vladimir|Ugolini|Ugolini,"Vladimir,Ugolini Vladimir|Ugolini|Ugolini"
"Zechariah,Dofty",Zechariah|Dofty|Dofty,"Zechariah,Dofty Zechariah|Dofty|Dofty"
"Fidel,Senogles",Fidel|Senogles|Senogles,"Fidel,Senogles Fidel|Senogles|Senogles"
"Ingra,Quiney",Ingra|Quiney|Quiney,"Ingra,Quiney Ingra|Quiney|Quiney"
"Melosa,Persicke",Melosa|Persicke|Persicke,"Melosa,Persicke Melosa|Persicke|Persicke"
"Giselle,Sherrin",Giselle|Sherrin|Sherrin,"Giselle,Sherrin Giselle|Sherrin|Sherrin"
"Gilberte,Dirr",Gilberte|Dirr|Dirr,"Gilberte,Dirr Gilberte|Dirr|Dirr"
"Happy,Prater",Happy|Prater|Prater,"Happy,Prater Happy|Prater|Prater"
"Hewitt,Dobkin",Hewitt|Dobkin|Dobkin,"Hewitt,Dobkin Hewitt|Dobkin|Dobkin"
"Viviene,Meltetal",Viviene|Meltetal|Meltetal,"Viviene,Meltetal Viviene|Meltetal|Meltetal"
"Cheslie,Giorgione",Cheslie|Giorgione|Giorgione,"Cheslie,Giorgione Cheslie|Giorgione|Giorgione"
"Maisie,Silson",Maisie|Silson|Silson,"Maisie,Silson Maisie|Silson|Silson"
"Anneliese,Stubs",Anneliese|Stubs|Stubs,"Anneliese,Stubs Anneliese|Stubs|Stubs"
"Andee,Vaughan-Hughes",Andee|Vaughan-Hughes|Vaughan-Hughes,"Andee,Vaughan-Hughes Andee|Vaughan-Hughes|Vaughan-Hughes"
"Tulley,Center",Tulley|Center|Center,"Tulley,Center Tulley|Center|Center"
"Marga,Bonnar",Marga|Bonnar|Bonnar,"Marga,Bonnar Marga|Bonnar|Bonnar"
"Jerrilee,Vaudre",Jerrilee|Vaudre|Vaudre,"Jerrilee,Vaudre Jerrilee|Vaudre|Vaudre"
"Malcolm,Holson",Malcolm|Holson|Holson,"Malcolm,Holson Malcolm|Holson|Holson"
